model,method,training_n,seed,category,TP,FP,TN,FN,F1,precision,recall
Llama_3_2-3B-Instruct,standard,100,1018,Occ_Condyle_Fracture,79,17,7368,39,0.7383177570093458,0.8229166666666666,0.6694915254237288
Llama_3_2-3B-Instruct,standard,100,1018,C1_Fracture,80,3,7405,15,0.898876404,0.963855422,0.8421052631578947
Llama_3_2-3B-Instruct,standard,100,1018,C2_Fracture,149,12,7305,37,0.8587896253602305,0.9254658385093167,0.8010752688172043
Llama_3_2-3B-Instruct,standard,100,1018,C3_Fracture,60,6,7426,11,0.8759124087591241,0.9090909090909091,0.8450704225352113
Llama_3_2-3B-Instruct,standard,100,1018,C4_Fracture,66,8,7411,18,0.8354430379746836,0.8918918918918919,0.7857142857142857
Llama_3_2-3B-Instruct,standard,100,1018,C5_Fracture,102,8,7361,32,0.8360655737704918,0.9272727272727272,0.7611940298507462
Llama_3_2-3B-Instruct,standard,100,1018,C6_Fracture,127,1,7340,35,0.8758620689655172,0.9921875,0.7839506172839507
Llama_3_2-3B-Instruct,standard,100,1018,C7_Fracture,178,14,7272,39,0.8704156479217604,0.9270833333333334,0.8202764976958525
Llama_3_2-3B-Instruct,standard,100,1018,Any_Fracture,558,34,6803,108,0.8871224165341812,0.9425675675675675,0.8378378378378378
Llama_3_2-3B-Instruct,standard,100,205,Occ_Condyle_Fracture,63,5,7380,55,0.6774193548387096,0.9264705882352942,0.5338983050847458
Llama_3_2-3B-Instruct,standard,100,205,C1_Fracture,76,2,7406,19,0.8786127167630058,0.9743589743589743,0.8
Llama_3_2-3B-Instruct,standard,100,205,C2_Fracture,127,4,7313,59,0.8012618296529969,0.9694656488549618,0.6827956989247311
Llama_3_2-3B-Instruct,standard,100,205,C3_Fracture,53,5,7427,18,0.8217054263565892,0.9137931034482759,0.7464788732394366
Llama_3_2-3B-Instruct,standard,100,205,C4_Fracture,55,10,7409,29,0.738255034,0.8461538461538461,0.6547619047619048
Llama_3_2-3B-Instruct,standard,100,205,C5_Fracture,91,7,7362,43,0.7844827586206896,0.9285714285714286,0.6791044776119403
Llama_3_2-3B-Instruct,standard,100,205,C6_Fracture,109,2,7339,53,0.7985347985347986,0.9819819819819819,0.6728395061728395
Llama_3_2-3B-Instruct,standard,100,205,C7_Fracture,162,7,7279,55,0.8393782383419689,0.9585798816568047,0.7465437788018433
Llama_3_2-3B-Instruct,standard,100,205,Any_Fracture,496,13,6824,170,0.8442553191489361,0.9744597249508841,0.7447447447447447
Llama_3_2-3B-Instruct,standard,100,209,Occ_Condyle_Fracture,89,25,7360,29,0.7672413793103449,0.7807017543859649,0.7542372881355932
Llama_3_2-3B-Instruct,standard,100,209,C1_Fracture,78,3,7405,17,0.8863636363636364,0.9629629629629629,0.8210526315789474
Llama_3_2-3B-Instruct,standard,100,209,C2_Fracture,156,13,7304,30,0.8788732394366198,0.9230769230769231,0.8387096774193549
Llama_3_2-3B-Instruct,standard,100,209,C3_Fracture,60,14,7418,11,0.8275862068965517,0.8108108108108109,0.8450704225352113
Llama_3_2-3B-Instruct,standard,100,209,C4_Fracture,66,12,7407,18,0.8148148148148148,0.8461538461538461,0.7857142857142857
Llama_3_2-3B-Instruct,standard,100,209,C5_Fracture,103,12,7357,31,0.8273092369477911,0.8956521739130435,0.7686567164179104
Llama_3_2-3B-Instruct,standard,100,209,C6_Fracture,131,4,7337,31,0.8821548821548821,0.9703703703703703,0.808641975
Llama_3_2-3B-Instruct,standard,100,209,C7_Fracture,179,16,7270,38,0.8689320388349514,0.9179487179487179,0.8248847926267281
Llama_3_2-3B-Instruct,standard,100,209,Any_Fracture,573,45,6792,93,0.8925233644859814,0.9271844660194175,0.8603603603603603
Llama_3_2-3B-Instruct,standard,100,42,Occ_Condyle_Fracture,77,14,7371,41,0.7368421052631579,0.8461538461538461,0.652542373
Llama_3_2-3B-Instruct,standard,100,42,C1_Fracture,81,4,7404,14,0.9,0.9529411764705882,0.8526315789473684
Llama_3_2-3B-Instruct,standard,100,42,C2_Fracture,151,8,7309,35,0.8753623188405797,0.949685535,0.8118279569892473
Llama_3_2-3B-Instruct,standard,100,42,C3_Fracture,57,13,7419,14,0.8085106382978723,0.8142857142857143,0.8028169014084507
Llama_3_2-3B-Instruct,standard,100,42,C4_Fracture,63,12,7407,21,0.7924528301886793,0.84,0.75
Llama_3_2-3B-Instruct,standard,100,42,C5_Fracture,101,11,7358,33,0.8211382113821138,0.9017857142857143,0.753731343
Llama_3_2-3B-Instruct,standard,100,42,C6_Fracture,126,5,7336,36,0.8600682593856656,0.9618320610687023,0.7777777777777778
Llama_3_2-3B-Instruct,standard,100,42,C7_Fracture,176,12,7274,41,0.8691358024691358,0.9361702127659575,0.8110599078341014
Llama_3_2-3B-Instruct,standard,100,42,Any_Fracture,560,36,6801,106,0.8874801901743264,0.9395973154362416,0.8408408408408409
Llama_3_2-3B-Instruct,standard,100,58,Occ_Condyle_Fracture,72,9,7376,46,0.7236180904522613,0.8888888888888888,0.6101694915254238
Llama_3_2-3B-Instruct,standard,100,58,C1_Fracture,83,7,7401,12,0.8972972972972973,0.9222222222222223,0.8736842105263158
Llama_3_2-3B-Instruct,standard,100,58,C2_Fracture,162,15,7302,24,0.8925619834710744,0.9152542372881356,0.8709677419354839
Llama_3_2-3B-Instruct,standard,100,58,C3_Fracture,62,41,7391,9,0.7126436781609196,0.6019417475728155,0.8732394366197183
Llama_3_2-3B-Instruct,standard,100,58,C4_Fracture,70,37,7382,14,0.7329842931937173,0.6542056074766355,0.8333333333333334
Llama_3_2-3B-Instruct,standard,100,58,C5_Fracture,109,32,7337,25,0.7927272727272727,0.7730496453900709,0.8134328358208955
Llama_3_2-3B-Instruct,standard,100,58,C6_Fracture,141,21,7320,21,0.8703703703703703,0.8703703703703703,0.8703703703703703
Llama_3_2-3B-Instruct,standard,100,58,C7_Fracture,189,25,7261,28,0.877030162,0.88317757,0.8709677419354839
Llama_3_2-3B-Instruct,standard,100,58,Any_Fracture,591,82,6755,75,0.8827483196415236,0.8781575037147102,0.8873873873873874
Llama_3_2-3B-Instruct,standard,1064,1018,Occ_Condyle_Fracture,95,12,7373,23,0.8444444444444444,0.8878504672897196,0.8050847457627118
Llama_3_2-3B-Instruct,standard,1064,1018,C1_Fracture,80,4,7404,15,0.8938547486033519,0.9523809523809523,0.8421052631578947
Llama_3_2-3B-Instruct,standard,1064,1018,C2_Fracture,179,20,7297,7,0.9298701298701298,0.8994974874371859,0.9623655913978495
Llama_3_2-3B-Instruct,standard,1064,1018,C3_Fracture,64,10,7422,7,0.8827586206896552,0.8648648648648649,0.9014084507042254
Llama_3_2-3B-Instruct,standard,1064,1018,C4_Fracture,76,10,7409,8,0.8941176470588236,0.8837209302325582,0.9047619047619048
Llama_3_2-3B-Instruct,standard,1064,1018,C5_Fracture,117,25,7344,17,0.8478260869565217,0.823943662,0.8731343283582089
Llama_3_2-3B-Instruct,standard,1064,1018,C6_Fracture,152,14,7327,10,0.926829268,0.9156626506024096,0.9382716049382716
Llama_3_2-3B-Instruct,standard,1064,1018,C7_Fracture,196,14,7272,21,0.9180327868852459,0.9333333333333333,0.9032258064516129
Llama_3_2-3B-Instruct,standard,1064,1018,Any_Fracture,621,75,6762,45,0.9118942731277533,0.8922413793103449,0.9324324324324325
Llama_3_2-3B-Instruct,standard,1064,205,Occ_Condyle_Fracture,90,8,7377,28,0.8333333333333334,0.9183673469387755,0.7627118644067796
Llama_3_2-3B-Instruct,standard,1064,205,C1_Fracture,72,3,7405,23,0.8470588235294118,0.96,0.7578947368421053
Llama_3_2-3B-Instruct,standard,1064,205,C2_Fracture,171,11,7306,15,0.9293478260869565,0.9395604395604396,0.9193548387096774
Llama_3_2-3B-Instruct,standard,1064,205,C3_Fracture,58,5,7427,13,0.8656716417910447,0.9206349206349206,0.8169014084507042
Llama_3_2-3B-Instruct,standard,1064,205,C4_Fracture,73,9,7410,11,0.8795180722891566,0.8902439024390244,0.8690476190476191
Llama_3_2-3B-Instruct,standard,1064,205,C5_Fracture,112,10,7359,22,0.875,0.9180327868852459,0.835820896
Llama_3_2-3B-Instruct,standard,1064,205,C6_Fracture,143,1,7340,19,0.934640523,0.9930555555555556,0.8827160493827161
Llama_3_2-3B-Instruct,standard,1064,205,C7_Fracture,196,11,7275,21,0.9245283018867925,0.9468599033816425,0.9032258064516129
Llama_3_2-3B-Instruct,standard,1064,205,Any_Fracture,600,33,6804,66,0.9237875288683602,0.9478672985781991,0.9009009009009009
Llama_3_2-3B-Instruct,standard,1064,209,Occ_Condyle_Fracture,91,5,7380,27,0.8504672897196262,0.9479166666666666,0.7711864406779662
Llama_3_2-3B-Instruct,standard,1064,209,C1_Fracture,70,4,7404,25,0.8284023668639053,0.9459459459459459,0.7368421052631579
Llama_3_2-3B-Instruct,standard,1064,209,C2_Fracture,172,10,7307,14,0.9347826086956522,0.945054945,0.9247311827956989
Llama_3_2-3B-Instruct,standard,1064,209,C3_Fracture,63,5,7427,8,0.9064748201438849,0.9264705882352942,0.8873239436619719
Llama_3_2-3B-Instruct,standard,1064,209,C4_Fracture,73,4,7415,11,0.906832298,0.948051948,0.8690476190476191
Llama_3_2-3B-Instruct,standard,1064,209,C5_Fracture,117,21,7348,17,0.8602941176470589,0.8478260869565217,0.8731343283582089
Llama_3_2-3B-Instruct,standard,1064,209,C6_Fracture,149,5,7336,13,0.9430379746835443,0.9675324675324676,0.9197530864197531
Llama_3_2-3B-Instruct,standard,1064,209,C7_Fracture,196,7,7279,21,0.9333333333333333,0.9655172413793104,0.9032258064516129
Llama_3_2-3B-Instruct,standard,1064,209,Any_Fracture,614,32,6805,52,0.9359756097560976,0.9504643962848297,0.9219219219219219
Llama_3_2-3B-Instruct,standard,1064,42,Occ_Condyle_Fracture,90,6,7379,28,0.8411214953271028,0.9375,0.7627118644067796
Llama_3_2-3B-Instruct,standard,1064,42,C1_Fracture,71,3,7405,24,0.8402366863905325,0.9594594594594594,0.7473684210526316
Llama_3_2-3B-Instruct,standard,1064,42,C2_Fracture,169,12,7305,17,0.9209809264305178,0.9337016574585635,0.9086021505376344
Llama_3_2-3B-Instruct,standard,1064,42,C3_Fracture,63,5,7427,8,0.9064748201438849,0.9264705882352942,0.8873239436619719
Llama_3_2-3B-Instruct,standard,1064,42,C4_Fracture,74,9,7410,10,0.8862275449101796,0.891566265,0.8809523809523809
Llama_3_2-3B-Instruct,standard,1064,42,C5_Fracture,115,14,7355,19,0.8745247148288974,0.8914728682170543,0.8582089552238806
Llama_3_2-3B-Instruct,standard,1064,42,C6_Fracture,143,6,7335,19,0.9196141479099679,0.959731544,0.8827160493827161
Llama_3_2-3B-Instruct,standard,1064,42,C7_Fracture,195,8,7278,22,0.9285714285714286,0.9605911330049262,0.8986175115207373
Llama_3_2-3B-Instruct,standard,1064,42,Any_Fracture,608,33,6804,58,0.9303749043611323,0.9485179407176287,0.9129129129129129
Llama_3_2-3B-Instruct,standard,1064,58,Occ_Condyle_Fracture,96,13,7372,22,0.8458149779735683,0.8807339449541285,0.8135593220338984
Llama_3_2-3B-Instruct,standard,1064,58,C1_Fracture,79,6,7402,16,0.8777777777777778,0.9294117647058824,0.8315789473684211
Llama_3_2-3B-Instruct,standard,1064,58,C2_Fracture,175,18,7299,11,0.9234828496042217,0.9067357512953368,0.9408602150537635
Llama_3_2-3B-Instruct,standard,1064,58,C3_Fracture,64,12,7420,7,0.8707482993197279,0.8421052631578947,0.9014084507042254
Llama_3_2-3B-Instruct,standard,1064,58,C4_Fracture,76,16,7403,8,0.8636363636363636,0.8260869565217391,0.9047619047619048
Llama_3_2-3B-Instruct,standard,1064,58,C5_Fracture,118,21,7348,16,0.8644688644688645,0.8489208633093526,0.8805970149253731
Llama_3_2-3B-Instruct,standard,1064,58,C6_Fracture,150,13,7328,12,0.9230769230769231,0.9202453987730062,0.9259259259259259
Llama_3_2-3B-Instruct,standard,1064,58,C7_Fracture,194,9,7277,23,0.9238095238095239,0.9556650246305419,0.8940092165898618
Llama_3_2-3B-Instruct,standard,1064,58,Any_Fracture,614,58,6779,52,0.9177877428998505,0.9136904761904762,0.9219219219219219
Llama_3_2-3B-Instruct,standard,20,1018,Occ_Condyle_Fracture,73,11,7374,45,0.7227722772277227,0.8690476190476191,0.6186440677966102
Llama_3_2-3B-Instruct,standard,20,1018,C1_Fracture,78,3,7405,17,0.8863636363636364,0.9629629629629629,0.8210526315789474
Llama_3_2-3B-Instruct,standard,20,1018,C2_Fracture,140,5,7312,46,0.8459214501510574,0.9655172413793104,0.7526881720430108
Llama_3_2-3B-Instruct,standard,20,1018,C3_Fracture,58,7,7425,13,0.8529411764705882,0.8923076923076924,0.8169014084507042
Llama_3_2-3B-Instruct,standard,20,1018,C4_Fracture,60,7,7412,24,0.7947019867549668,0.8955223880597015,0.7142857142857143
Llama_3_2-3B-Instruct,standard,20,1018,C5_Fracture,92,4,7365,42,0.8,0.9583333333333334,0.6865671641791045
Llama_3_2-3B-Instruct,standard,20,1018,C6_Fracture,114,0,7341,48,0.8260869565217391,1,0.7037037037037037
Llama_3_2-3B-Instruct,standard,20,1018,C7_Fracture,169,6,7280,48,0.8622448979591837,0.9657142857142857,0.7788018433179723
Llama_3_2-3B-Instruct,standard,20,1018,Any_Fracture,527,19,6818,139,0.8696369636963697,0.9652014652014652,0.7912912912912913
Llama_3_2-3B-Instruct,standard,20,205,Occ_Condyle_Fracture,77,12,7373,41,0.7439613526570048,0.8651685393258427,0.652542373
Llama_3_2-3B-Instruct,standard,20,205,C1_Fracture,82,4,7404,13,0.9060773480662984,0.9534883720930233,0.8631578947368421
Llama_3_2-3B-Instruct,standard,20,205,C2_Fracture,145,7,7310,41,0.8579881656804734,0.9539473684210527,0.7795698924731183
Llama_3_2-3B-Instruct,standard,20,205,C3_Fracture,61,23,7409,10,0.7870967741935484,0.7261904761904762,0.8591549295774648
Llama_3_2-3B-Instruct,standard,20,205,C4_Fracture,67,18,7401,17,0.7928994082840237,0.788235294,0.7976190476190477
Llama_3_2-3B-Instruct,standard,20,205,C5_Fracture,104,23,7346,30,0.7969348659003831,0.8188976377952756,0.7761194029850746
Llama_3_2-3B-Instruct,standard,20,205,C6_Fracture,129,11,7330,33,0.8543046357615894,0.9214285714285714,0.7962962962962963
Llama_3_2-3B-Instruct,standard,20,205,C7_Fracture,178,17,7269,39,0.8640776699029126,0.9128205128205128,0.8202764976958525
Llama_3_2-3B-Instruct,standard,20,205,Any_Fracture,559,53,6784,107,0.8748043818466353,0.9133986928104575,0.8393393393393394
Llama_3_2-3B-Instruct,standard,20,209,Occ_Condyle_Fracture,98,41,7344,20,0.7626459143968871,0.7050359712230215,0.8305084745762712
Llama_3_2-3B-Instruct,standard,20,209,C1_Fracture,81,5,7403,14,0.8950276243093923,0.9418604651162791,0.8526315789473684
Llama_3_2-3B-Instruct,standard,20,209,C2_Fracture,165,16,7301,21,0.8991825613079019,0.9116022099447514,0.8870967741935484
Llama_3_2-3B-Instruct,standard,20,209,C3_Fracture,64,46,7386,7,0.7071823204419889,0.5818181818181818,0.9014084507042254
Llama_3_2-3B-Instruct,standard,20,209,C4_Fracture,71,37,7382,13,0.7395833333333334,0.6574074074074074,0.8452380952380952
Llama_3_2-3B-Instruct,standard,20,209,C5_Fracture,108,33,7336,26,0.7854545454545454,0.7659574468085106,0.8059701492537313
Llama_3_2-3B-Instruct,standard,20,209,C6_Fracture,140,26,7315,22,0.8536585365853658,0.8433734939759037,0.8641975308641975
Llama_3_2-3B-Instruct,standard,20,209,C7_Fracture,184,34,7252,33,0.8459770114942529,0.8440366972477065,0.847926267
Llama_3_2-3B-Instruct,standard,20,209,Any_Fracture,605,105,6732,61,0.8793604651162791,0.852112676,0.9084084084084084
Llama_3_2-3B-Instruct,standard,20,42,Occ_Condyle_Fracture,67,6,7379,51,0.7015706806282722,0.9178082191780822,0.5677966101694916
Llama_3_2-3B-Instruct,standard,20,42,C1_Fracture,73,2,7406,22,0.8588235294117647,0.9733333333333334,0.7684210526315789
Llama_3_2-3B-Instruct,standard,20,42,C2_Fracture,123,3,7314,63,0.7884615384615384,0.9761904761904762,0.6612903225806451
Llama_3_2-3B-Instruct,standard,20,42,C3_Fracture,50,2,7430,21,0.8130081300813008,0.9615384615384616,0.704225352
Llama_3_2-3B-Instruct,standard,20,42,C4_Fracture,52,4,7415,32,0.7428571428571429,0.9285714285714286,0.6190476190476191
Llama_3_2-3B-Instruct,standard,20,42,C5_Fracture,84,2,7367,50,0.7636363636363637,0.9767441860465116,0.6268656716417911
Llama_3_2-3B-Instruct,standard,20,42,C6_Fracture,106,0,7341,58,0.7910447761194029,1,0.654320988
Llama_3_2-3B-Instruct,standard,20,42,C7_Fracture,154,4,7282,63,0.8213333333333334,0.9746835443037974,0.7096774193548387
Llama_3_2-3B-Instruct,standard,20,42,Any_Fracture,481,10,6827,185,0.8314606741573034,0.9796334012219959,0.7222222222222222
Llama_3_2-3B-Instruct,standard,20,58,Occ_Condyle_Fracture,92,26,7359,26,0.7796610169491526,0.7796610169491526,0.7796610169491526
Llama_3_2-3B-Instruct,standard,20,58,C1_Fracture,84,9,7399,11,0.8936170212765957,0.9032258064516129,0.8842105263157894
Llama_3_2-3B-Instruct,standard,20,58,C2_Fracture,163,14,7303,23,0.8980716253443526,0.9209039548022598,0.8763440860215054
Llama_3_2-3B-Instruct,standard,20,58,C3_Fracture,65,53,7379,6,0.6878306878306878,0.5508474576271186,0.9154929577464789
Llama_3_2-3B-Instruct,standard,20,58,C4_Fracture,73,46,7373,11,0.7192118226600985,0.6134453781512605,0.8690476190476191
Llama_3_2-3B-Instruct,standard,20,58,C5_Fracture,110,37,7332,24,0.7829181494661922,0.7482993197278912,0.8208955223880597
Llama_3_2-3B-Instruct,standard,20,58,C6_Fracture,142,32,7309,20,0.8452380952380952,0.8160919540229885,0.8765432098765432
Llama_3_2-3B-Instruct,standard,20,58,C7_Fracture,193,45,7241,24,0.8483516483516483,0.8109243697478992,0.8894009216589862
Llama_3_2-3B-Instruct,standard,20,58,Any_Fracture,612,127,6710,54,0.8711743772241993,0.8281461434370772,0.918918919
Llama_3_2-3B-Instruct,standard,500,1018,Occ_Condyle_Fracture,105,25,7360,13,0.8467741935483871,0.8076923076923077,0.8898305084745762
Llama_3_2-3B-Instruct,standard,500,1018,C1_Fracture,85,9,7399,10,0.8994708994708994,0.9042553191489362,0.8947368421052632
Llama_3_2-3B-Instruct,standard,500,1018,C2_Fracture,172,17,7300,14,0.9173333333333333,0.91005291,0.9247311827956989
Llama_3_2-3B-Instruct,standard,500,1018,C3_Fracture,65,22,7410,6,0.8227848101265823,0.7471264367816092,0.9154929577464789
Llama_3_2-3B-Instruct,standard,500,1018,C4_Fracture,76,25,7394,8,0.8216216216216217,0.7524752475247525,0.9047619047619048
Llama_3_2-3B-Instruct,standard,500,1018,C5_Fracture,127,42,7325,7,0.8327868852459016,0.7426900584795322,0.9477611940298507
Llama_3_2-3B-Instruct,standard,500,1018,C6_Fracture,156,43,7298,6,0.8642659279778393,0.7839195979899497,0.9629629629629629
Llama_3_2-3B-Instruct,standard,500,1018,C7_Fracture,207,41,7245,10,0.8903225806451613,0.8346774193548387,0.9539170506912442
Llama_3_2-3B-Instruct,standard,500,1018,Any_Fracture,636,119,6718,30,0.8951442646023927,0.8423841059602649,0.954954955
Llama_3_2-3B-Instruct,standard,500,205,Occ_Condyle_Fracture,97,47,7338,21,0.7404580152671756,0.6736111111111112,0.8220338983050848
Llama_3_2-3B-Instruct,standard,500,205,C1_Fracture,80,3,7405,15,0.898876404,0.963855422,0.8421052631578947
Llama_3_2-3B-Instruct,standard,500,205,C2_Fracture,160,5,7312,26,0.9116809116809117,0.9696969696969697,0.8602150537634409
Llama_3_2-3B-Instruct,standard,500,205,C3_Fracture,63,13,7419,8,0.8571428571428571,0.8289473684210527,0.8873239436619719
Llama_3_2-3B-Instruct,standard,500,205,C4_Fracture,75,14,7405,9,0.8670520231213873,0.8426966292134831,0.8928571428571429
Llama_3_2-3B-Instruct,standard,500,205,C5_Fracture,110,10,7359,24,0.8661417322834646,0.9166666666666666,0.8208955223880597
Llama_3_2-3B-Instruct,standard,500,205,C6_Fracture,145,18,7323,17,0.8923076923076924,0.8895705521472392,0.8950617283950617
Llama_3_2-3B-Instruct,standard,500,205,C7_Fracture,190,13,7273,27,0.9047619047619048,0.9359605911330049,0.8755760368663594
Llama_3_2-3B-Instruct,standard,500,205,Any_Fracture,586,35,6802,80,0.9106449106449106,0.9436392914653784,0.8798798798798799
Llama_3_2-3B-Instruct,standard,500,209,Occ_Condyle_Fracture,67,3,7382,51,0.7127659574468085,0.9571428571428572,0.5677966101694916
Llama_3_2-3B-Instruct,standard,500,209,C1_Fracture,70,1,7407,25,0.8433734939759037,0.9859154929577465,0.7368421052631579
Llama_3_2-3B-Instruct,standard,500,209,C2_Fracture,167,15,7302,19,0.907608696,0.9175824175824175,0.8978494623655914
Llama_3_2-3B-Instruct,standard,500,209,C3_Fracture,58,3,7429,13,0.8787878787878788,0.9508196721311475,0.8169014084507042
Llama_3_2-3B-Instruct,standard,500,209,C4_Fracture,69,3,7416,15,0.8846153846153846,0.9583333333333334,0.8214285714285714
Llama_3_2-3B-Instruct,standard,500,209,C5_Fracture,105,7,7362,29,0.8536585365853658,0.9375,0.7835820895522388
Llama_3_2-3B-Instruct,standard,500,209,C6_Fracture,133,1,7340,29,0.8986486486486487,0.9925373134328358,0.8209876543209876
Llama_3_2-3B-Instruct,standard,500,209,C7_Fracture,181,4,7282,36,0.900497512,0.9783783783783784,0.8341013824884793
Llama_3_2-3B-Instruct,standard,500,209,Any_Fracture,569,17,6820,97,0.9089456869009584,0.9709897610921502,0.8543543543543544
Llama_3_2-3B-Instruct,standard,500,42,Occ_Condyle_Fracture,74,10,7375,42,0.7326732673267327,0.8809523809523809,0.6271186440677966
Llama_3_2-3B-Instruct,standard,500,42,C1_Fracture,61,2,7406,34,0.7721518987341772,0.9682539682539683,0.6421052631578947
Llama_3_2-3B-Instruct,standard,500,42,C2_Fracture,140,5,7312,46,0.8459214501510574,0.9655172413793104,0.7526881720430108
Llama_3_2-3B-Instruct,standard,500,42,C3_Fracture,53,4,7428,18,0.828125,0.9298245614035088,0.7464788732394366
Llama_3_2-3B-Instruct,standard,500,42,C4_Fracture,61,3,7416,23,0.8243243243243243,0.953125,0.7261904761904762
Llama_3_2-3B-Instruct,standard,500,42,C5_Fracture,101,8,7361,33,0.83127572,0.926605505,0.753731343
Llama_3_2-3B-Instruct,standard,500,42,C6_Fracture,121,3,7338,41,0.8461538461538461,0.9758064516129032,0.7469135802469136
Llama_3_2-3B-Instruct,standard,500,42,C7_Fracture,186,4,7282,31,0.914004914,0.9789473684210527,0.8571428571428571
Llama_3_2-3B-Instruct,standard,500,42,Any_Fracture,547,26,6811,119,0.8829701372074253,0.9546247818499127,0.8213213213213213
Llama_3_2-3B-Instruct,standard,500,58,Occ_Condyle_Fracture,89,3,7382,29,0.8476190476190476,0.967391304,0.7542372881355932
Llama_3_2-3B-Instruct,standard,500,58,C1_Fracture,82,6,7402,13,0.8961748633879781,0.9318181818181818,0.8631578947368421
Llama_3_2-3B-Instruct,standard,500,58,C2_Fracture,174,18,7299,12,0.9206349206349206,0.90625,0.9354838709677419
Llama_3_2-3B-Instruct,standard,500,58,C3_Fracture,62,12,7420,9,0.8551724137931035,0.8378378378378378,0.8732394366197183
Llama_3_2-3B-Instruct,standard,500,58,C4_Fracture,71,15,7404,13,0.8352941176470589,0.8255813953488372,0.8452380952380952
Llama_3_2-3B-Instruct,standard,500,58,C5_Fracture,110,20,7349,24,0.8333333333333334,0.8461538461538461,0.8208955223880597
Llama_3_2-3B-Instruct,standard,500,58,C6_Fracture,142,21,7320,20,0.8738461538461538,0.8711656441717791,0.8765432098765432
Llama_3_2-3B-Instruct,standard,500,58,C7_Fracture,199,30,7256,18,0.8923766816143498,0.868995633,0.9170506912442397
Llama_3_2-3B-Instruct,standard,500,58,Any_Fracture,607,46,6791,59,0.9203942380591357,0.9295558958652373,0.9114114114114115
Llama_3_2-3B-Instruct,standard,800,1018,Occ_Condyle_Fracture,98,10,7375,20,0.8672566371681416,0.9074074074074074,0.8305084745762712
Llama_3_2-3B-Instruct,standard,800,1018,C1_Fracture,78,3,7405,17,0.8863636363636364,0.9629629629629629,0.8210526315789474
Llama_3_2-3B-Instruct,standard,800,1018,C2_Fracture,157,9,7308,29,0.8920454545454546,0.9457831325301205,0.8440860215053764
Llama_3_2-3B-Instruct,standard,800,1018,C3_Fracture,47,0,7432,24,0.7966101694915254,1,0.6619718309859155
Llama_3_2-3B-Instruct,standard,800,1018,C4_Fracture,58,0,7419,26,0.8169014084507042,1,0.6904761904761905
Llama_3_2-3B-Instruct,standard,800,1018,C5_Fracture,103,14,7355,31,0.8207171314741036,0.8803418803418803,0.7686567164179104
Llama_3_2-3B-Instruct,standard,800,1018,C6_Fracture,132,4,7337,30,0.8859060402684564,0.9705882352941176,0.8148148148148148
Llama_3_2-3B-Instruct,standard,800,1018,C7_Fracture,153,2,7284,64,0.8225806451612904,0.9870967741935484,0.7050691244239631
Llama_3_2-3B-Instruct,standard,800,1018,Any_Fracture,547,31,6806,119,0.8794212218649518,0.9463667820069204,0.8213213213213213
Llama_3_2-3B-Instruct,standard,800,205,Occ_Condyle_Fracture,79,3,7382,39,0.79,0.9634146341463414,0.6694915254237288
Llama_3_2-3B-Instruct,standard,800,205,C1_Fracture,57,2,7406,38,0.7402597402597403,0.9661016949152542,0.6
Llama_3_2-3B-Instruct,standard,800,205,C2_Fracture,164,6,7311,22,0.9213483146067416,0.9647058823529412,0.8817204301075269
Llama_3_2-3B-Instruct,standard,800,205,C3_Fracture,60,5,7427,11,0.8823529411764706,0.9230769230769231,0.8450704225352113
Llama_3_2-3B-Instruct,standard,800,205,C4_Fracture,72,5,7414,12,0.8944099378881988,0.935064935,0.8571428571428571
Llama_3_2-3B-Instruct,standard,800,205,C5_Fracture,109,8,7361,25,0.8685258964143426,0.9316239316239316,0.8134328358208955
Llama_3_2-3B-Instruct,standard,800,205,C6_Fracture,140,1,7340,22,0.9240924092409241,0.9929078014184397,0.8641975308641975
Llama_3_2-3B-Instruct,standard,800,205,C7_Fracture,182,3,7283,35,0.9054726368159204,0.9837837837837838,0.8387096774193549
Llama_3_2-3B-Instruct,standard,800,205,Any_Fracture,571,16,6821,95,0.9114126097366321,0.9727427597955707,0.8573573573573574
Llama_3_2-3B-Instruct,standard,800,209,Occ_Condyle_Fracture,88,9,7376,30,0.8186046511627907,0.9072164948453608,0.7457627118644068
Llama_3_2-3B-Instruct,standard,800,209,C1_Fracture,69,5,7403,26,0.8165680473372781,0.9324324324324325,0.7263157894736842
Llama_3_2-3B-Instruct,standard,800,209,C2_Fracture,171,13,7304,15,0.9243243243243243,0.9293478260869565,0.9193548387096774
Llama_3_2-3B-Instruct,standard,800,209,C3_Fracture,63,12,7420,8,0.863013699,0.84,0.8873239436619719
Llama_3_2-3B-Instruct,standard,800,209,C4_Fracture,74,11,7408,10,0.8757396449704142,0.8705882352941177,0.8809523809523809
Llama_3_2-3B-Instruct,standard,800,209,C5_Fracture,118,16,7353,16,0.8805970149253731,0.8805970149253731,0.8805970149253731
Llama_3_2-3B-Instruct,standard,800,209,C6_Fracture,147,5,7336,15,0.9363057324840764,0.9671052631578947,0.9074074074074074
Llama_3_2-3B-Instruct,standard,800,209,C7_Fracture,185,4,7282,32,0.9113300492610837,0.9788359788359788,0.8525345622119815
Llama_3_2-3B-Instruct,standard,800,209,Any_Fracture,599,39,6798,67,0.9187116564417178,0.9388714733542319,0.8993993993993994
Llama_3_2-3B-Instruct,standard,800,42,Occ_Condyle_Fracture,88,6,7379,30,0.8301886792452831,0.9361702127659575,0.7457627118644068
Llama_3_2-3B-Instruct,standard,800,42,C1_Fracture,60,3,7405,35,0.759493671,0.9523809523809523,0.631578947
Llama_3_2-3B-Instruct,standard,800,42,C2_Fracture,176,20,7297,10,0.9214659685863874,0.8979591836734694,0.946236559
Llama_3_2-3B-Instruct,standard,800,42,C3_Fracture,63,7,7425,8,0.8936170212765957,0.9,0.8873239436619719
Llama_3_2-3B-Instruct,standard,800,42,C4_Fracture,75,6,7413,9,0.9090909090909091,0.9259259259259259,0.8928571428571429
Llama_3_2-3B-Instruct,standard,800,42,C5_Fracture,121,30,7339,13,0.8491228070175438,0.8013245033112583,0.9029850746268657
Llama_3_2-3B-Instruct,standard,800,42,C6_Fracture,151,9,7332,11,0.937888199,0.94375,0.9320987654320988
Llama_3_2-3B-Instruct,standard,800,42,C7_Fracture,197,10,7276,20,0.9292452830188679,0.9516908212560387,0.9078341013824884
Llama_3_2-3B-Instruct,standard,800,42,Any_Fracture,607,49,6788,59,0.9183055975794251,0.9253048780487805,0.9114114114114115
Llama_3_2-3B-Instruct,standard,800,58,Occ_Condyle_Fracture,86,4,7381,32,0.8269230769230769,0.9555555555555556,0.7288135593220338
Llama_3_2-3B-Instruct,standard,800,58,C1_Fracture,71,1,7407,24,0.8502994011976048,0.9861111111111112,0.7473684210526316
Llama_3_2-3B-Instruct,standard,800,58,C2_Fracture,170,10,7307,16,0.9289617486338798,0.9444444444444444,0.9139784946236559
Llama_3_2-3B-Instruct,standard,800,58,C3_Fracture,65,12,7420,6,0.8783783783783784,0.8441558441558441,0.9154929577464789
Llama_3_2-3B-Instruct,standard,800,58,C4_Fracture,70,6,7413,14,0.875,0.9210526315789473,0.8333333333333334
Llama_3_2-3B-Instruct,standard,800,58,C5_Fracture,118,16,7353,16,0.8805970149253731,0.8805970149253731,0.8805970149253731
Llama_3_2-3B-Instruct,standard,800,58,C6_Fracture,129,7,7334,33,0.8657718120805369,0.9485294117647058,0.7962962962962963
Llama_3_2-3B-Instruct,standard,800,58,C7_Fracture,200,8,7278,17,0.9411764705882353,0.9615384615384616,0.9216589861751152
Llama_3_2-3B-Instruct,standard,800,58,Any_Fracture,607,43,6794,59,0.9224924012158054,0.9338461538461539,0.9114114114114115
gemma-3-12b-it,standard,100,1018,Occ_Condyle_Fracture,108,15,7370,10,0.8962655601659751,0.8780487804878049,0.9152542372881356
gemma-3-12b-it,standard,100,1018,C1_Fracture,80,12,7396,15,0.8556149732620321,0.8695652173913043,0.8421052631578947
gemma-3-12b-it,standard,100,1018,C2_Fracture,165,2,7315,21,0.9348441926345609,0.9880239520958084,0.8870967741935484
gemma-3-12b-it,standard,100,1018,C3_Fracture,58,4,7428,15,0.8549618320610687,0.9333333333333333,0.7887323943661971
gemma-3-12b-it,standard,100,1018,C4_Fracture,69,5,7414,15,0.8734177215189873,0.9324324324324325,0.8214285714285714
gemma-3-12b-it,standard,100,1018,C5_Fracture,108,3,7366,26,0.8816326530612245,0.972972973,0.8059701492537313
gemma-3-12b-it,standard,100,1018,C6_Fracture,138,3,7338,24,0.9108910891089109,0.9787234042553191,0.8518518518518519
gemma-3-12b-it,standard,100,1018,C7_Fracture,178,2,7284,39,0.8967254408060453,0.9888888888888889,0.8202764976958525
gemma-3-12b-it,standard,100,1018,Any_Fracture,578,19,6818,88,0.9152810768012668,0.9681742043551089,0.8678678678678678
gemma-3-12b-it,standard,100,205,Occ_Condyle_Fracture,114,29,7356,4,0.8735632183908046,0.7972027972027972,0.9661016949152542
gemma-3-12b-it,standard,100,205,C1_Fracture,87,8,7400,8,0.9157894736842105,0.9157894736842105,0.9157894736842105
gemma-3-12b-it,standard,100,205,C2_Fracture,170,8,7309,16,0.9340659340659341,0.9550561797752809,0.9139784946236559
gemma-3-12b-it,standard,100,205,C3_Fracture,65,8,7424,6,0.9027777777777778,0.8904109589041096,0.9154929577464789
gemma-3-12b-it,standard,100,205,C4_Fracture,76,8,7411,8,0.9047619047619048,0.9047619047619048,0.9047619047619048
gemma-3-12b-it,standard,100,205,C5_Fracture,116,4,7365,18,0.9133858267716536,0.9666666666666667,0.8656716417910447
gemma-3-12b-it,standard,100,205,C6_Fracture,149,5,7336,13,0.9430379746835443,0.9675324675324676,0.9197530864197531
gemma-3-12b-it,standard,100,205,C7_Fracture,184,2,7284,33,0.913151365,0.989247312,0.847926267
gemma-3-12b-it,standard,100,205,Any_Fracture,614,42,6795,52,0.9288956127080181,0.9359756097560976,0.9219219219219219
gemma-3-12b-it,standard,100,209,Occ_Condyle_Fracture,114,19,7366,4,0.9083665338645418,0.8571428571428571,0.9661016949152542
gemma-3-12b-it,standard,100,209,C1_Fracture,88,21,7387,7,0.8627450980392157,0.8073394495412844,0.9263157894736842
gemma-3-12b-it,standard,100,209,C2_Fracture,169,7,7310,17,0.9337016574585635,0.9602272727272727,0.9086021505376344
gemma-3-12b-it,standard,100,209,C3_Fracture,65,9,7423,6,0.896551724,0.8783783783783784,0.9154929577464789
gemma-3-12b-it,standard,100,209,C4_Fracture,72,6,7413,12,0.8888888888888888,0.9230769230769231,0.8571428571428571
gemma-3-12b-it,standard,100,209,C5_Fracture,114,4,7365,20,0.9047619047619048,0.9661016949152542,0.8507462686567164
gemma-3-12b-it,standard,100,209,C6_Fracture,144,4,7337,18,0.9290322580645162,0.972972973,0.8888888888888888
gemma-3-12b-it,standard,100,209,C7_Fracture,182,2,7284,35,0.9077306733167082,0.9891304347826086,0.8387096774193549
gemma-3-12b-it,standard,100,209,Any_Fracture,607,31,6806,59,0.9309815950920245,0.951410658,0.9114114114114115
gemma-3-12b-it,standard,100,42,Occ_Condyle_Fracture,114,25,7360,4,0.8871595330739299,0.8201438848920863,0.9661016949152542
gemma-3-12b-it,standard,100,42,C1_Fracture,88,16,7392,7,0.8844221105527639,0.8461538461538461,0.9263157894736842
gemma-3-12b-it,standard,100,42,C2_Fracture,168,6,7311,18,0.9333333333333333,0.9655172413793104,0.9032258064516129
gemma-3-12b-it,standard,100,42,C3_Fracture,64,7,7425,7,0.9014084507042254,0.9014084507042254,0.9014084507042254
gemma-3-12b-it,standard,100,42,C4_Fracture,72,6,7413,12,0.8888888888888888,0.9230769230769231,0.8571428571428571
gemma-3-12b-it,standard,100,42,C5_Fracture,114,4,7365,20,0.9047619047619048,0.9661016949152542,0.8507462686567164
gemma-3-12b-it,standard,100,42,C6_Fracture,146,4,7337,16,0.9358974358974359,0.9733333333333334,0.9012345679012346
gemma-3-12b-it,standard,100,42,C7_Fracture,182,3,7283,35,0.9054726368159204,0.9837837837837838,0.8387096774193549
gemma-3-12b-it,standard,100,42,Any_Fracture,606,38,6799,60,0.9251908396946565,0.9409937888198758,0.9099099099099099
gemma-3-12b-it,standard,100,58,Occ_Condyle_Fracture,108,16,7369,10,0.8925619834710744,0.8709677419354839,0.9152542372881356
gemma-3-12b-it,standard,100,58,C1_Fracture,81,6,7402,14,0.8901098901098901,0.9310344827586207,0.8526315789473684
gemma-3-12b-it,standard,100,58,C2_Fracture,170,3,7314,16,0.947075209,0.9826589595375722,0.9139784946236559
gemma-3-12b-it,standard,100,58,C3_Fracture,65,5,7427,6,0.9219858156028369,0.9285714285714286,0.9154929577464789
gemma-3-12b-it,standard,100,58,C4_Fracture,69,4,7415,15,0.8789808917197452,0.9452054794520548,0.8214285714285714
gemma-3-12b-it,standard,100,58,C5_Fracture,112,4,7365,22,0.896,0.9655172413793104,0.835820896
gemma-3-12b-it,standard,100,58,C6_Fracture,136,4,7337,26,0.9006622516556292,0.9714285714285714,0.8395061728395061
gemma-3-12b-it,standard,100,58,C7_Fracture,178,2,7284,39,0.8967254408060453,0.9888888888888889,0.8202764976958525
gemma-3-12b-it,standard,100,58,Any_Fracture,593,24,6813,73,0.9243959469992206,0.9611021069692058,0.8903903903903904
gemma-3-12b-it,standard,1064,1018,Occ_Condyle_Fracture,108,7,7378,10,0.927038627,0.9391304347826087,0.9152542372881356
gemma-3-12b-it,standard,1064,1018,C1_Fracture,83,9,7399,12,0.8877005347593583,0.9021739130434783,0.8736842105263158
gemma-3-12b-it,standard,1064,1018,C2_Fracture,168,5,7312,18,0.935933148,0.9710982658959537,0.9032258064516129
gemma-3-12b-it,standard,1064,1018,C3_Fracture,62,5,7427,9,0.8985507246376812,0.9253731343283582,0.8732394366197183
gemma-3-12b-it,standard,1064,1018,C4_Fracture,73,7,7412,11,0.8902439024390244,0.9125,0.8690476190476191
gemma-3-12b-it,standard,1064,1018,C5_Fracture,114,8,7361,20,0.890625,0.9344262295081968,0.8507462686567164
gemma-3-12b-it,standard,1064,1018,C6_Fracture,148,7,7334,14,0.9337539432176656,0.9548387096774194,0.9135802469135802
gemma-3-12b-it,standard,1064,1018,C7_Fracture,187,5,7281,30,0.9144254278728606,0.9739583333333334,0.8617511520737328
gemma-3-12b-it,standard,1064,1018,Any_Fracture,595,16,6821,71,0.9318715740015662,0.9738134206219312,0.8933933933933934
gemma-3-12b-it,standard,1064,205,Occ_Condyle_Fracture,107,2,7383,11,0.9427312775330396,0.981651376,0.9067796610169492
gemma-3-12b-it,standard,1064,205,C1_Fracture,85,8,7400,10,0.9042553191489362,0.9139784946236559,0.8947368421052632
gemma-3-12b-it,standard,1064,205,C2_Fracture,177,9,7308,9,0.9516129032258065,0.9516129032258065,0.9516129032258065
gemma-3-12b-it,standard,1064,205,C3_Fracture,67,9,7423,4,0.9115646258503401,0.881578947,0.9436619718309859
gemma-3-12b-it,standard,1064,205,C4_Fracture,76,6,7413,8,0.9156626506024096,0.926829268,0.9047619047619048
gemma-3-12b-it,standard,1064,205,C5_Fracture,123,17,7352,11,0.8978102189781022,0.8785714285714286,0.917910448
gemma-3-12b-it,standard,1064,205,C6_Fracture,153,10,7331,9,0.9415384615384615,0.9386503067484663,0.9444444444444444
gemma-3-12b-it,standard,1064,205,C7_Fracture,195,12,7274,22,0.9198113207547169,0.9420289855072463,0.8986175115207373
gemma-3-12b-it,standard,1064,205,Any_Fracture,631,48,6789,35,0.9382899628252788,0.9293078055964654,0.9474474474474475
gemma-3-12b-it,standard,1064,209,Occ_Condyle_Fracture,104,1,7384,14,0.9327354260089686,0.9904761904761905,0.8813559322033898
gemma-3-12b-it,standard,1064,209,C1_Fracture,82,3,7405,13,0.9111111111111111,0.9647058823529412,0.8631578947368421
gemma-3-12b-it,standard,1064,209,C2_Fracture,166,3,7314,20,0.9352112676056338,0.9822485207100592,0.8924731182795699
gemma-3-12b-it,standard,1064,209,C3_Fracture,63,4,7428,8,0.9130434782608695,0.9402985074626866,0.8873239436619719
gemma-3-12b-it,standard,1064,209,C4_Fracture,74,3,7416,10,0.9192546583850931,0.961038961,0.8809523809523809
gemma-3-12b-it,standard,1064,209,C5_Fracture,116,5,7364,18,0.9098039215686274,0.9586776859504132,0.8656716417910447
gemma-3-12b-it,standard,1064,209,C6_Fracture,146,4,7337,16,0.9358974358974359,0.9733333333333334,0.9012345679012346
gemma-3-12b-it,standard,1064,209,C7_Fracture,190,3,7283,27,0.926829268,0.9844559585492227,0.8755760368663594
gemma-3-12b-it,standard,1064,209,Any_Fracture,597,11,6826,69,0.9372056514913658,0.9819078947368421,0.8963963963963963
gemma-3-12b-it,standard,1064,42,Occ_Condyle_Fracture,106,2,7383,12,0.9380530973451328,0.9814814814814815,0.8983050847457628
gemma-3-12b-it,standard,1064,42,C1_Fracture,86,6,7402,9,0.9197860962566845,0.9347826086956522,0.9052631578947369
gemma-3-12b-it,standard,1064,42,C2_Fracture,178,10,7307,8,0.9518716577540107,0.9468085106382979,0.956989247
gemma-3-12b-it,standard,1064,42,C3_Fracture,66,7,7425,5,0.9166666666666666,0.9041095890410958,0.9295774647887324
gemma-3-12b-it,standard,1064,42,C4_Fracture,73,4,7415,11,0.906832298,0.948051948,0.8690476190476191
gemma-3-12b-it,standard,1064,42,C5_Fracture,120,11,7358,14,0.9056603773584906,0.916030534,0.8955223880597015
gemma-3-12b-it,standard,1064,42,C6_Fracture,150,9,7332,12,0.9345794392523364,0.9433962264150944,0.9259259259259259
gemma-3-12b-it,standard,1064,42,C7_Fracture,196,10,7276,21,0.9267139479905437,0.9514563106796117,0.9032258064516129
gemma-3-12b-it,standard,1064,42,Any_Fracture,628,43,6794,38,0.9394166043380703,0.9359165424739195,0.9429429429429429
gemma-3-12b-it,standard,1064,58,Occ_Condyle_Fracture,110,10,7375,8,0.9243697478991597,0.9166666666666666,0.9322033898305084
gemma-3-12b-it,standard,1064,58,C1_Fracture,85,5,7403,10,0.918918919,0.9444444444444444,0.8947368421052632
gemma-3-12b-it,standard,1064,58,C2_Fracture,169,6,7311,17,0.9362880886426593,0.9657142857142857,0.9086021505376344
gemma-3-12b-it,standard,1064,58,C3_Fracture,65,5,7427,6,0.9219858156028369,0.9285714285714286,0.9154929577464789
gemma-3-12b-it,standard,1064,58,C4_Fracture,75,7,7412,9,0.9036144578313253,0.9146341463414634,0.8928571428571429
gemma-3-12b-it,standard,1064,58,C5_Fracture,117,7,7362,17,0.9069767441860465,0.9435483870967742,0.8731343283582089
gemma-3-12b-it,standard,1064,58,C6_Fracture,150,7,7334,12,0.9404388714733543,0.9554140127388535,0.9259259259259259
gemma-3-12b-it,standard,1064,58,C7_Fracture,194,5,7281,23,0.9326923076923077,0.9748743718592965,0.8940092165898618
gemma-3-12b-it,standard,1064,58,Any_Fracture,617,27,6810,49,0.9419847328244275,0.9580745341614907,0.9264264264264265
gemma-3-12b-it,standard,20,1018,Occ_Condyle_Fracture,114,33,7352,4,0.8603773584905661,0.7755102040816326,0.9661016949152542
gemma-3-12b-it,standard,20,1018,C1_Fracture,88,21,7387,7,0.8627450980392157,0.8073394495412844,0.9263157894736842
gemma-3-12b-it,standard,20,1018,C2_Fracture,168,6,7311,18,0.9333333333333333,0.9655172413793104,0.9032258064516129
gemma-3-12b-it,standard,20,1018,C3_Fracture,65,9,7423,6,0.896551724,0.8783783783783784,0.9154929577464789
gemma-3-12b-it,standard,20,1018,C4_Fracture,73,8,7411,11,0.8848484848484849,0.9012345679012346,0.8690476190476191
gemma-3-12b-it,standard,20,1018,C5_Fracture,113,5,7364,21,0.8968253968253969,0.9576271186440678,0.8432835820895522
gemma-3-12b-it,standard,20,1018,C6_Fracture,145,4,7337,17,0.932475884,0.9731543624161074,0.8950617283950617
gemma-3-12b-it,standard,20,1018,C7_Fracture,184,2,7284,33,0.913151365,0.989247312,0.847926267
gemma-3-12b-it,standard,20,1018,Any_Fracture,607,42,6793,59,0.9217919514047077,0.9324116743471582,0.9114114114114115
gemma-3-12b-it,standard,20,205,Occ_Condyle_Fracture,114,30,7355,4,0.8702290076335878,0.7916666666666666,0.9661016949152542
gemma-3-12b-it,standard,20,205,C1_Fracture,88,20,7388,7,0.8669950738916257,0.8148148148148148,0.9263157894736842
gemma-3-12b-it,standard,20,205,C2_Fracture,168,6,7311,18,0.9333333333333333,0.9655172413793104,0.9032258064516129
gemma-3-12b-it,standard,20,205,C3_Fracture,64,8,7424,7,0.8951048951048951,0.8888888888888888,0.9014084507042254
gemma-3-12b-it,standard,20,205,C4_Fracture,73,7,7412,11,0.8902439024390244,0.9125,0.8690476190476191
gemma-3-12b-it,standard,20,205,C5_Fracture,113,4,7365,21,0.900398406,0.9658119658119658,0.8432835820895522
gemma-3-12b-it,standard,20,205,C6_Fracture,144,4,7337,18,0.9290322580645162,0.972972973,0.8888888888888888
gemma-3-12b-it,standard,20,205,C7_Fracture,181,2,7284,36,0.905,0.9890710382513661,0.8341013824884793
gemma-3-12b-it,standard,20,205,Any_Fracture,606,41,6796,60,0.9230769230769231,0.9366306027820711,0.9099099099099099
gemma-3-12b-it,standard,20,209,Occ_Condyle_Fracture,114,28,7357,4,0.8769230769230769,0.8028169014084507,0.9661016949152542
gemma-3-12b-it,standard,20,209,C1_Fracture,89,22,7386,6,0.8640776699029126,0.8018018018018018,0.9368421052631579
gemma-3-12b-it,standard,20,209,C2_Fracture,169,6,7311,17,0.9362880886426593,0.9657142857142857,0.9086021505376344
gemma-3-12b-it,standard,20,209,C3_Fracture,65,9,7423,6,0.896551724,0.8783783783783784,0.9154929577464789
gemma-3-12b-it,standard,20,209,C4_Fracture,73,7,7412,11,0.8902439024390244,0.9125,0.8690476190476191
gemma-3-12b-it,standard,20,209,C5_Fracture,113,6,7363,21,0.8932806324110671,0.9495798319327731,0.8432835820895522
gemma-3-12b-it,standard,20,209,C6_Fracture,146,4,7337,16,0.9358974358974359,0.9733333333333334,0.9012345679012346
gemma-3-12b-it,standard,20,209,C7_Fracture,184,2,7284,33,0.913151365,0.989247312,0.847926267
gemma-3-12b-it,standard,20,209,Any_Fracture,608,40,6797,58,0.9254185692541856,0.9382716049382716,0.9129129129129129
gemma-3-12b-it,standard,20,42,Occ_Condyle_Fracture,114,29,7356,4,0.8735632183908046,0.7972027972027972,0.9661016949152542
gemma-3-12b-it,standard,20,42,C1_Fracture,88,24,7384,7,0.8502415458937198,0.7857142857142857,0.9263157894736842
gemma-3-12b-it,standard,20,42,C2_Fracture,169,6,7311,17,0.9362880886426593,0.9657142857142857,0.9086021505376344
gemma-3-12b-it,standard,20,42,C3_Fracture,64,9,7423,7,0.8888888888888888,0.8767123287671232,0.9014084507042254
gemma-3-12b-it,standard,20,42,C4_Fracture,72,7,7412,12,0.8834355828220859,0.9113924050632911,0.8571428571428571
gemma-3-12b-it,standard,20,42,C5_Fracture,113,5,7364,21,0.8968253968253969,0.9576271186440678,0.8432835820895522
gemma-3-12b-it,standard,20,42,C6_Fracture,146,4,7337,16,0.9358974358974359,0.9733333333333334,0.9012345679012346
gemma-3-12b-it,standard,20,42,C7_Fracture,185,3,7283,32,0.9135802469135802,0.9840425531914894,0.8525345622119815
gemma-3-12b-it,standard,20,42,Any_Fracture,608,42,6795,58,0.9240121580547113,0.9353846153846154,0.9129129129129129
gemma-3-12b-it,standard,20,58,Occ_Condyle_Fracture,113,25,7360,5,0.8828125,0.8188405797101449,0.9576271186440678
gemma-3-12b-it,standard,20,58,C1_Fracture,85,21,7387,10,0.845771144,0.8018867924528302,0.8947368421052632
gemma-3-12b-it,standard,20,58,C2_Fracture,167,4,7313,19,0.9355742296918768,0.9766081871345029,0.8978494623655914
gemma-3-12b-it,standard,20,58,C3_Fracture,64,6,7426,7,0.9078014184397163,0.9142857142857143,0.9014084507042254
gemma-3-12b-it,standard,20,58,C4_Fracture,71,5,7414,13,0.8875,0.9342105263157895,0.8452380952380952
gemma-3-12b-it,standard,20,58,C5_Fracture,110,4,7365,24,0.8870967741935484,0.9649122807017544,0.8208955223880597
gemma-3-12b-it,standard,20,58,C6_Fracture,141,4,7337,21,0.9185667752442996,0.9724137931034482,0.8703703703703703
gemma-3-12b-it,standard,20,58,C7_Fracture,175,2,7284,42,0.8883248730964467,0.9887005649717514,0.8064516129032258
gemma-3-12b-it,standard,20,58,Any_Fracture,593,34,6803,73,0.917246713,0.9457735247208932,0.8903903903903904
gemma-3-12b-it,standard,500,1018,Occ_Condyle_Fracture,113,16,7369,5,0.9149797570850202,0.875968992,0.9576271186440678
gemma-3-12b-it,standard,500,1018,C1_Fracture,87,35,7373,8,0.8018433179723502,0.7131147540983607,0.9157894736842105
gemma-3-12b-it,standard,500,1018,C2_Fracture,167,5,7312,19,0.9329608938547486,0.9709302325581395,0.8978494623655914
gemma-3-12b-it,standard,500,1018,C3_Fracture,65,8,7424,6,0.9027777777777778,0.8904109589041096,0.9154929577464789
gemma-3-12b-it,standard,500,1018,C4_Fracture,75,10,7409,9,0.8875739644970414,0.8823529411764706,0.8928571428571429
gemma-3-12b-it,standard,500,1018,C5_Fracture,119,11,7358,15,0.9015151515151515,0.9153846153846154,0.8880597014925373
gemma-3-12b-it,standard,500,1018,C6_Fracture,152,9,7332,10,0.9411764705882353,0.9440993788819876,0.9382716049382716
gemma-3-12b-it,standard,500,1018,C7_Fracture,195,7,7279,22,0.9307875894988067,0.9653465346534653,0.8986175115207373
gemma-3-12b-it,standard,500,1018,Any_Fracture,625,38,6799,41,0.9405568096313017,0.942684766,0.9384384384384384
gemma-3-12b-it,standard,500,205,Occ_Condyle_Fracture,112,14,7371,6,0.9180327868852459,0.8888888888888888,0.9491525423728814
gemma-3-12b-it,standard,500,205,C1_Fracture,84,6,7402,11,0.9081081081081082,0.9333333333333333,0.8842105263157894
gemma-3-12b-it,standard,500,205,C2_Fracture,168,5,7312,18,0.935933148,0.9710982658959537,0.9032258064516129
gemma-3-12b-it,standard,500,205,C3_Fracture,64,7,7425,7,0.9014084507042254,0.9014084507042254,0.9014084507042254
gemma-3-12b-it,standard,500,205,C4_Fracture,77,11,7408,7,0.8953488372093024,0.875,0.9166666666666666
gemma-3-12b-it,standard,500,205,C5_Fracture,119,14,7355,15,0.8913857677902621,0.8947368421052632,0.8880597014925373
gemma-3-12b-it,standard,500,205,C6_Fracture,152,11,7330,10,0.9353846153846154,0.9325153374233128,0.9382716049382716
gemma-3-12b-it,standard,500,205,C7_Fracture,196,6,7280,21,0.9355608591885441,0.9702970297029703,0.9032258064516129
gemma-3-12b-it,standard,500,205,Any_Fracture,622,38,6799,42,0.9381598793363499,0.9424242424242424,0.933933934
gemma-3-12b-it,standard,500,209,Occ_Condyle_Fracture,110,4,7381,8,0.9482758620689655,0.9649122807017544,0.9322033898305084
gemma-3-12b-it,standard,500,209,C1_Fracture,81,5,7403,14,0.8950276243093923,0.9418604651162791,0.8526315789473684
gemma-3-12b-it,standard,500,209,C2_Fracture,163,3,7314,23,0.9261363636363636,0.9819277108433735,0.8763440860215054
gemma-3-12b-it,standard,500,209,C3_Fracture,63,4,7428,8,0.9130434782608695,0.9402985074626866,0.8873239436619719
gemma-3-12b-it,standard,500,209,C4_Fracture,73,6,7413,11,0.8957055214723927,0.9240506329113924,0.8690476190476191
gemma-3-12b-it,standard,500,209,C5_Fracture,112,4,7365,22,0.896,0.9655172413793104,0.835820896
gemma-3-12b-it,standard,500,209,C6_Fracture,147,4,7337,15,0.939297125,0.9735099337748344,0.9074074074074074
gemma-3-12b-it,standard,500,209,C7_Fracture,189,2,7284,28,0.9264705882352942,0.9895287958115183,0.8709677419354839
gemma-3-12b-it,standard,500,209,Any_Fracture,594,12,6825,72,0.9339622641509434,0.9801980198019802,0.8918918918918919
gemma-3-12b-it,standard,500,42,Occ_Condyle_Fracture,108,2,7383,10,0.9473684210526315,0.9818181818181818,0.9152542372881356
gemma-3-12b-it,standard,500,42,C1_Fracture,82,5,7403,13,0.9010989010989011,0.9425287356321839,0.8631578947368421
gemma-3-12b-it,standard,500,42,C2_Fracture,169,4,7313,17,0.9415041782729805,0.976878613,0.9086021505376344
gemma-3-12b-it,standard,500,42,C3_Fracture,66,7,7425,5,0.9166666666666666,0.9041095890410958,0.9295774647887324
gemma-3-12b-it,standard,500,42,C4_Fracture,77,9,7410,7,0.9058823529411765,0.8953488372093024,0.9166666666666666
gemma-3-12b-it,standard,500,42,C5_Fracture,119,11,7358,15,0.9015151515151515,0.9153846153846154,0.8880597014925373
gemma-3-12b-it,standard,500,42,C6_Fracture,152,8,7333,10,0.9440993788819876,0.95,0.9382716049382716
gemma-3-12b-it,standard,500,42,C7_Fracture,191,4,7282,26,0.9271844660194175,0.9794871794871794,0.880184332
gemma-3-12b-it,standard,500,42,Any_Fracture,613,22,6815,53,0.9423520368946964,0.9653543307086614,0.9204204204204204
gemma-3-12b-it,standard,500,58,Occ_Condyle_Fracture,110,15,7370,8,0.9053497942386831,0.88,0.9322033898305084
gemma-3-12b-it,standard,500,58,C1_Fracture,84,18,7390,11,0.8527918781725888,0.8235294117647058,0.8842105263157894
gemma-3-12b-it,standard,500,58,C2_Fracture,168,6,7311,18,0.9333333333333333,0.9655172413793104,0.9032258064516129
gemma-3-12b-it,standard,500,58,C3_Fracture,64,7,7425,7,0.9014084507042254,0.9014084507042254,0.9014084507042254
gemma-3-12b-it,standard,500,58,C4_Fracture,76,8,7411,8,0.9047619047619048,0.9047619047619048,0.9047619047619048
gemma-3-12b-it,standard,500,58,C5_Fracture,116,8,7361,18,0.8992248062015504,0.9354838709677419,0.8656716417910447
gemma-3-12b-it,standard,500,58,C6_Fracture,151,4,7337,11,0.9526813880126183,0.9741935483870968,0.9320987654320988
gemma-3-12b-it,standard,500,58,C7_Fracture,189,3,7283,28,0.9242053789731052,0.984375,0.8709677419354839
gemma-3-12b-it,standard,500,58,Any_Fracture,613,26,6811,53,0.939463602,0.9593114241001565,0.9204204204204204
gemma-3-12b-it,standard,800,1018,Occ_Condyle_Fracture,111,7,7378,7,0.940677966,0.940677966,0.940677966
gemma-3-12b-it,standard,800,1018,C1_Fracture,82,5,7403,13,0.9010989010989011,0.9425287356321839,0.8631578947368421
gemma-3-12b-it,standard,800,1018,C2_Fracture,167,3,7314,19,0.9382022471910112,0.9823529411764705,0.8978494623655914
gemma-3-12b-it,standard,800,1018,C3_Fracture,62,4,7428,9,0.9051094890510949,0.9393939393939394,0.8732394366197183
gemma-3-12b-it,standard,800,1018,C4_Fracture,68,3,7416,16,0.8774193548387097,0.9577464788732394,0.8095238095238095
gemma-3-12b-it,standard,800,1018,C5_Fracture,109,5,7364,25,0.8790322580645161,0.956140351,0.8134328358208955
gemma-3-12b-it,standard,800,1018,C6_Fracture,141,4,7337,21,0.9185667752442996,0.9724137931034482,0.8703703703703703
gemma-3-12b-it,standard,800,1018,C7_Fracture,182,2,7284,35,0.9077306733167082,0.9891304347826086,0.8387096774193549
gemma-3-12b-it,standard,800,1018,Any_Fracture,591,13,6824,75,0.9307086614173228,0.9784768211920529,0.8873873873873874
gemma-3-12b-it,standard,800,205,Occ_Condyle_Fracture,110,5,7380,8,0.944206009,0.9565217391304348,0.9322033898305084
gemma-3-12b-it,standard,800,205,C1_Fracture,83,5,7403,12,0.907103825,0.9431818181818182,0.8736842105263158
gemma-3-12b-it,standard,800,205,C2_Fracture,165,3,7314,21,0.9322033898305084,0.9821428571428571,0.8870967741935484
gemma-3-12b-it,standard,800,205,C3_Fracture,63,4,7428,8,0.9130434782608695,0.9402985074626866,0.8873239436619719
gemma-3-12b-it,standard,800,205,C4_Fracture,73,6,7413,11,0.8957055214723927,0.9240506329113924,0.8690476190476191
gemma-3-12b-it,standard,800,205,C5_Fracture,112,5,7364,22,0.8924302788844621,0.9572649572649573,0.835820896
gemma-3-12b-it,standard,800,205,C6_Fracture,149,4,7337,13,0.946031746,0.9738562091503268,0.9197530864197531
gemma-3-12b-it,standard,800,205,C7_Fracture,187,2,7284,30,0.9211822660098522,0.9894179894179894,0.8617511520737328
gemma-3-12b-it,standard,800,205,Any_Fracture,598,11,6826,68,0.9380392156862745,0.9819376026272578,0.8978978978978979
gemma-3-12b-it,standard,800,209,Occ_Condyle_Fracture,114,7,7378,4,0.9539748953974896,0.9421487603305785,0.9661016949152542
gemma-3-12b-it,standard,800,209,C1_Fracture,85,8,7400,10,0.9042553191489362,0.9139784946236559,0.8947368421052632
gemma-3-12b-it,standard,800,209,C2_Fracture,171,6,7311,15,0.9421487603305785,0.9661016949152542,0.9193548387096774
gemma-3-12b-it,standard,800,209,C3_Fracture,65,6,7426,6,0.9154929577464789,0.9154929577464789,0.9154929577464789
gemma-3-12b-it,standard,800,209,C4_Fracture,74,8,7411,10,0.891566265,0.9024390243902439,0.8809523809523809
gemma-3-12b-it,standard,800,209,C5_Fracture,114,8,7361,20,0.890625,0.9344262295081968,0.8507462686567164
gemma-3-12b-it,standard,800,209,C6_Fracture,148,6,7335,14,0.9367088607594937,0.961038961,0.9135802469135802
gemma-3-12b-it,standard,800,209,C7_Fracture,188,5,7281,29,0.9170731707317074,0.9740932642487047,0.8663594470046083
gemma-3-12b-it,standard,800,209,Any_Fracture,606,17,6820,60,0.9402637703646237,0.9727126805778491,0.9099099099099099
gemma-3-12b-it,standard,800,42,Occ_Condyle_Fracture,109,2,7383,9,0.9519650655021834,0.9819819819819819,0.923728814
gemma-3-12b-it,standard,800,42,C1_Fracture,84,3,7405,11,0.9230769230769231,0.9655172413793104,0.8842105263157894
gemma-3-12b-it,standard,800,42,C2_Fracture,171,5,7312,15,0.9447513812154696,0.9715909090909091,0.9193548387096774
gemma-3-12b-it,standard,800,42,C3_Fracture,65,7,7425,6,0.9090909090909091,0.9027777777777778,0.9154929577464789
gemma-3-12b-it,standard,800,42,C4_Fracture,77,7,7412,7,0.9166666666666666,0.9166666666666666,0.9166666666666666
gemma-3-12b-it,standard,800,42,C5_Fracture,118,10,7359,16,0.9007633587786259,0.921875,0.8805970149253731
gemma-3-12b-it,standard,800,42,C6_Fracture,153,9,7332,9,0.9444444444444444,0.9444444444444444,0.9444444444444444
gemma-3-12b-it,standard,800,42,C7_Fracture,193,4,7282,24,0.9323671497584541,0.9796954314720813,0.8894009216589862
gemma-3-12b-it,standard,800,42,Any_Fracture,616,20,6817,50,0.946236559,0.9685534591194969,0.924924925
gemma-3-12b-it,standard,800,58,Occ_Condyle_Fracture,110,2,7383,8,0.9565217391304348,0.9821428571428571,0.9322033898305084
gemma-3-12b-it,standard,800,58,C1_Fracture,82,5,7403,13,0.9010989010989011,0.9425287356321839,0.8631578947368421
gemma-3-12b-it,standard,800,58,C2_Fracture,171,3,7314,15,0.95,0.9827586206896551,0.9193548387096774
gemma-3-12b-it,standard,800,58,C3_Fracture,63,6,7426,8,0.9,0.9130434782608695,0.8873239436619719
gemma-3-12b-it,standard,800,58,C4_Fracture,74,6,7413,10,0.9024390243902439,0.925,0.8809523809523809
gemma-3-12b-it,standard,800,58,C5_Fracture,113,7,7362,21,0.88976378,0.9416666666666667,0.8432835820895522
gemma-3-12b-it,standard,800,58,C6_Fracture,147,5,7336,15,0.9363057324840764,0.9671052631578947,0.9074074074074074
gemma-3-12b-it,standard,800,58,C7_Fracture,192,5,7281,25,0.927536232,0.9746192893401016,0.8847926267281107
gemma-3-12b-it,standard,800,58,Any_Fracture,602,13,6824,64,0.9398907103825137,0.9788617886178862,0.9039039039039038
gemma-3-1b-it,standard,100,1018,Occ_Condyle_Fracture,62,255,7130,58,0.2850574712643678,0.19558359621451105,0.5254237288135594
gemma-3-1b-it,standard,100,1018,C1_Fracture,13,3,7405,82,0.23423423423423423,0.8125,0.1368421052631579
gemma-3-1b-it,standard,100,1018,C2_Fracture,11,5,7312,175,0.10891089108910891,0.6875,0.059139785
gemma-3-1b-it,standard,100,1018,C3_Fracture,9,2,7430,62,0.21951219512195122,0.8181818181818182,0.1267605633802817
gemma-3-1b-it,standard,100,1018,C4_Fracture,2,0,7419,82,0.046511627906976744,1,0.023809523809523808
gemma-3-1b-it,standard,100,1018,C5_Fracture,16,4,7365,118,0.2077922077922078,0.8,0.11940298507462686
gemma-3-1b-it,standard,100,1018,C6_Fracture,13,1,7340,149,0.14772727272727273,0.9285714285714286,0.080246914
gemma-3-1b-it,standard,100,1018,C7_Fracture,16,7,7279,201,0.13333333333333333,0.6956521739130435,0.073732719
gemma-3-1b-it,standard,100,1018,Any_Fracture,184,158,6679,482,0.36507936507936506,0.5380116959064327,0.27627627627627627
gemma-3-1b-it,standard,100,205,Occ_Condyle_Fracture,22,1,7384,96,0.3120567375886525,0.9565217391304348,0.1864406779661017
gemma-3-1b-it,standard,100,205,C1_Fracture,32,8,7400,63,0.4740740740740741,0.8,0.3368421052631579
gemma-3-1b-it,standard,100,205,C2_Fracture,34,4,7313,152,0.30357142857142855,0.8947368421052632,0.1827956989247312
gemma-3-1b-it,standard,100,205,C3_Fracture,18,5,7427,53,0.3829787234042553,0.782608696,0.2535211267605634
gemma-3-1b-it,standard,100,205,C4_Fracture,8,0,7419,76,0.17391304347826086,1,0.095238095
gemma-3-1b-it,standard,100,205,C5_Fracture,25,1,7368,109,0.3125,0.9615384615384616,0.1865671641791045
gemma-3-1b-it,standard,100,205,C6_Fracture,30,3,7338,132,0.3076923076923077,0.9090909090909091,0.18518518518518517
gemma-3-1b-it,standard,100,205,C7_Fracture,24,1,7285,193,0.19834710743801653,0.96,0.11059907834101383
gemma-3-1b-it,standard,100,205,Any_Fracture,148,11,6826,518,0.35878787878787877,0.9308176100628931,0.2222222222222222
gemma-3-1b-it,standard,100,209,Occ_Condyle_Fracture,61,59,7326,57,0.5126050420168067,0.5083333333333333,0.5169491525423728
gemma-3-1b-it,standard,100,209,C1_Fracture,26,11,7397,69,0.3939393939393939,0.7027027027027027,0.2736842105263158
gemma-3-1b-it,standard,100,209,C2_Fracture,32,5,7312,154,0.28699551569506726,0.8648648648648649,0.17204301075268819
gemma-3-1b-it,standard,100,209,C3_Fracture,25,20,7412,46,0.43103448275862066,0.5555555555555556,0.352112676
gemma-3-1b-it,standard,100,209,C4_Fracture,15,18,7401,69,0.2564102564102564,0.45454545454545453,0.17857142857142858
gemma-3-1b-it,standard,100,209,C5_Fracture,41,31,7338,93,0.39805825242718446,0.5694444444444444,0.30597014925373134
gemma-3-1b-it,standard,100,209,C6_Fracture,40,28,7313,122,0.34782608695652173,0.5882352941176471,0.24691358024691357
gemma-3-1b-it,standard,100,209,C7_Fracture,39,31,7255,178,0.27177700348432055,0.5571428571428572,0.17972350230414746
gemma-3-1b-it,standard,100,209,Any_Fracture,223,57,6780,443,0.4714587737843552,0.7964285714285714,0.33483483483483484
gemma-3-1b-it,standard,100,42,Occ_Condyle_Fracture,35,9,7376,83,0.43209876543209874,0.7954545454545454,0.2966101694915254
gemma-3-1b-it,standard,100,42,C1_Fracture,12,1,7407,83,0.2222222222222222,0.9230769230769231,0.12631578947368421
gemma-3-1b-it,standard,100,42,C2_Fracture,49,3,7314,137,0.4117647058823529,0.9423076923076923,0.26344086021505375
gemma-3-1b-it,standard,100,42,C3_Fracture,25,17,7415,46,0.4424778761061947,0.5952380952380952,0.352112676
gemma-3-1b-it,standard,100,42,C4_Fracture,24,18,7401,60,0.38095238095238093,0.5714285714285714,0.2857142857142857
gemma-3-1b-it,standard,100,42,C5_Fracture,60,50,7319,74,0.4918032786885246,0.5454545454545454,0.44776119402985076
gemma-3-1b-it,standard,100,42,C6_Fracture,64,41,7300,98,0.4794007490636704,0.6095238095238096,0.3950617283950617
gemma-3-1b-it,standard,100,42,C7_Fracture,74,45,7241,143,0.44047619047619047,0.6218487394957983,0.34101382488479265
gemma-3-1b-it,standard,100,42,Any_Fracture,259,48,6789,407,0.5323741007194245,0.8436482084690554,0.3888888888888889
gemma-3-1b-it,standard,100,58,Occ_Condyle_Fracture,61,107,7278,57,0.42657342657342656,0.3630952380952381,0.5169491525423728
gemma-3-1b-it,standard,100,58,C1_Fracture,6,0,7408,89,0.1188118811881188,1,0.063157895
gemma-3-1b-it,standard,100,58,C2_Fracture,66,11,7306,120,0.5019011406844106,0.8571428571428571,0.3548387096774194
gemma-3-1b-it,standard,100,58,C3_Fracture,33,42,7390,38,0.4520547945205479,0.44,0.4647887323943662
gemma-3-1b-it,standard,100,58,C4_Fracture,25,33,7386,59,0.352112676,0.43103448275862066,0.2976190476190476
gemma-3-1b-it,standard,100,58,C5_Fracture,58,48,7321,78,0.47058823529411764,0.5384615384615384,0.417910448
gemma-3-1b-it,standard,100,58,C6_Fracture,67,42,7299,95,0.4944649446494465,0.6146788990825688,0.41358024691358025
gemma-3-1b-it,standard,100,58,C7_Fracture,136,103,7183,81,0.5964912280701754,0.5690376569037657,0.6267281105990783
gemma-3-1b-it,standard,100,58,Any_Fracture,385,120,6717,281,0.6575576430401366,0.7623762376237624,0.5780780780780781
gemma-3-1b-it,standard,1064,1018,Occ_Condyle_Fracture,58,12,7373,60,0.6170212765957447,0.8285714285714286,0.4915254237288136
gemma-3-1b-it,standard,1064,1018,C1_Fracture,53,16,7392,42,0.6463414634146342,0.7681159420289855,0.5578947368421052
gemma-3-1b-it,standard,1064,1018,C2_Fracture,136,27,7290,50,0.7793696275071633,0.8343558282208589,0.7311827956989247
gemma-3-1b-it,standard,1064,1018,C3_Fracture,34,7,7425,37,0.6071428571428571,0.8292682926829268,0.4788732394366197
gemma-3-1b-it,standard,1064,1018,C4_Fracture,29,4,7415,55,0.49572649572649574,0.8787878787878788,0.34523809523809523
gemma-3-1b-it,standard,1064,1018,C5_Fracture,88,41,7328,46,0.6692015209125475,0.6821705426356589,0.6567164179104478
gemma-3-1b-it,standard,1064,1018,C6_Fracture,111,27,7314,51,0.74,0.8043478260869565,0.6851851851851852
gemma-3-1b-it,standard,1064,1018,C7_Fracture,115,7,7279,102,0.6784660766961652,0.9426229508196722,0.5299539170506913
gemma-3-1b-it,standard,1064,1018,Any_Fracture,464,78,6759,202,0.7682119205298014,0.8560885608856088,0.6966966966966966
gemma-3-1b-it,standard,1064,205,Occ_Condyle_Fracture,37,5,7380,81,0.4625,0.8809523809523809,0.3135593220338983
gemma-3-1b-it,standard,1064,205,C1_Fracture,40,4,7404,55,0.5755395683453237,0.9090909090909091,0.42105263157894735
gemma-3-1b-it,standard,1064,205,C2_Fracture,139,26,7291,47,0.792022792,0.8424242424242424,0.7473118279569892
gemma-3-1b-it,standard,1064,205,C3_Fracture,48,24,7408,23,0.6713286713286714,0.6666666666666666,0.676056338
gemma-3-1b-it,standard,1064,205,C4_Fracture,32,5,7414,52,0.5289256198347108,0.8648648648648649,0.38095238095238093
gemma-3-1b-it,standard,1064,205,C5_Fracture,79,21,7348,55,0.6752136752136753,0.79,0.5895522388059702
gemma-3-1b-it,standard,1064,205,C6_Fracture,111,20,7321,51,0.757679181,0.8473282442748091,0.6851851851851852
gemma-3-1b-it,standard,1064,205,C7_Fracture,148,26,7260,69,0.7570332480818415,0.8505747126436781,0.6820276497695853
gemma-3-1b-it,standard,1064,205,Any_Fracture,465,67,6770,201,0.7762938230383973,0.8740601503759399,0.6981981981981982
gemma-3-1b-it,standard,1064,209,Occ_Condyle_Fracture,29,1,7384,89,0.3918918918918919,0.9666666666666667,0.2457627118644068
gemma-3-1b-it,standard,1064,209,C1_Fracture,42,5,7403,53,0.5915492957746479,0.8936170212765957,0.4421052631578947
gemma-3-1b-it,standard,1064,209,C2_Fracture,133,17,7300,53,0.7916666666666666,0.8866666666666667,0.7150537634408602
gemma-3-1b-it,standard,1064,209,C3_Fracture,41,11,7421,30,0.6666666666666666,0.7884615384615384,0.5774647887323944
gemma-3-1b-it,standard,1064,209,C4_Fracture,37,5,7414,47,0.5873015873015873,0.8809523809523809,0.44047619047619047
gemma-3-1b-it,standard,1064,209,C5_Fracture,89,48,7321,45,0.6568265682656826,0.6496350364963503,0.664179104
gemma-3-1b-it,standard,1064,209,C6_Fracture,114,23,7318,48,0.7625418060200669,0.8321167883211679,0.7037037037037037
gemma-3-1b-it,standard,1064,209,C7_Fracture,153,20,7266,64,0.7846153846153846,0.884393064,0.7050691244239631
gemma-3-1b-it,standard,1064,209,Any_Fracture,464,77,6760,202,0.7688483844241922,0.8576709796672828,0.6966966966966966
gemma-3-1b-it,standard,1064,42,Occ_Condyle_Fracture,11,4,7381,107,0.16541353383458646,0.7333333333333333,0.093220339
gemma-3-1b-it,standard,1064,42,C1_Fracture,47,13,7395,48,0.6064516129032258,0.7833333333333333,0.49473684210526314
gemma-3-1b-it,standard,1064,42,C2_Fracture,107,10,7307,79,0.7062706270627063,0.9145299145299145,0.5752688172043011
gemma-3-1b-it,standard,1064,42,C3_Fracture,39,12,7420,32,0.639344262,0.7647058823529411,0.5492957746478874
gemma-3-1b-it,standard,1064,42,C4_Fracture,34,5,7414,50,0.5528455284552846,0.8717948717948718,0.40476190476190477
gemma-3-1b-it,standard,1064,42,C5_Fracture,87,39,7330,47,0.6692307692307692,0.6904761904761905,0.6492537313432836
gemma-3-1b-it,standard,1064,42,C6_Fracture,113,25,7316,49,0.7533333333333333,0.8188405797101449,0.6975308641975309
gemma-3-1b-it,standard,1064,42,C7_Fracture,135,12,7274,82,0.7417582417582418,0.9183673469387755,0.6221198156682027
gemma-3-1b-it,standard,1064,42,Any_Fracture,421,60,6777,245,0.7340889276373147,0.8752598752598753,0.6321321321321322
gemma-3-1b-it,standard,1064,58,Occ_Condyle_Fracture,30,2,7383,88,0.4,0.9375,0.2542372881355932
gemma-3-1b-it,standard,1064,58,C1_Fracture,41,4,7404,54,0.5857142857142857,0.9111111111111111,0.43157894736842106
gemma-3-1b-it,standard,1064,58,C2_Fracture,134,17,7300,52,0.7952522255192879,0.8874172185430463,0.7204301075268817
gemma-3-1b-it,standard,1064,58,C3_Fracture,42,10,7422,29,0.6829268292682927,0.8076923076923077,0.5915492957746479
gemma-3-1b-it,standard,1064,58,C4_Fracture,39,5,7414,45,0.609375,0.8863636363636364,0.4642857142857143
gemma-3-1b-it,standard,1064,58,C5_Fracture,91,47,7322,43,0.6691176470588235,0.6594202898550725,0.6791044776119403
gemma-3-1b-it,standard,1064,58,C6_Fracture,114,23,7318,48,0.7625418060200669,0.8321167883211679,0.7037037037037037
gemma-3-1b-it,standard,1064,58,C7_Fracture,156,20,7266,61,0.7938931297709924,0.8863636363636364,0.7188940092165899
gemma-3-1b-it,standard,1064,58,Any_Fracture,467,74,6763,199,0.7738193869096934,0.8632162661737524,0.7012012012012012
gemma-3-1b-it,standard,20,1018,Occ_Condyle_Fracture,38,36,7349,80,0.3958333333333333,0.5135135135135135,0.3220338983050847
gemma-3-1b-it,standard,20,1018,C1_Fracture,0,0,7408,95,0,0,0
gemma-3-1b-it,standard,20,1018,C2_Fracture,16,2,7315,170,0.1568627450980392,0.8888888888888888,0.086021505
gemma-3-1b-it,standard,20,1018,C3_Fracture,21,15,7417,50,0.3925233644859813,0.5833333333333334,0.29577464788732394
gemma-3-1b-it,standard,20,1018,C4_Fracture,14,19,7400,70,0.23931623931623933,0.42424242424242425,0.16666666666666666
gemma-3-1b-it,standard,20,1018,C5_Fracture,55,58,7311,79,0.44534412955465585,0.48672566371681414,0.41044776119402987
gemma-3-1b-it,standard,20,1018,C6_Fracture,46,39,7302,116,0.3724696356275304,0.5411764705882353,0.2839506172839506
gemma-3-1b-it,standard,20,1018,C7_Fracture,43,26,7260,174,0.3006993006993007,0.6231884057971014,0.19815668202764977
gemma-3-1b-it,standard,20,1018,Any_Fracture,192,65,6772,474,0.4160346695557963,0.7470817120622568,0.2882882882882883
gemma-3-1b-it,standard,20,205,Occ_Condyle_Fracture,39,28,7357,79,0.42162162162162165,0.582089552,0.3305084745762712
gemma-3-1b-it,standard,20,205,C1_Fracture,9,1,7407,86,0.17142857142857143,0.9,0.094736842
gemma-3-1b-it,standard,20,205,C2_Fracture,29,2,7315,157,0.2672811059907834,0.9354838709677419,0.15591397849462366
gemma-3-1b-it,standard,20,205,C3_Fracture,23,20,7412,48,0.40350877192982454,0.5348837209302325,0.323943662
gemma-3-1b-it,standard,20,205,C4_Fracture,12,10,7409,72,0.22641509433962265,0.5454545454545454,0.14285714285714285
gemma-3-1b-it,standard,20,205,C5_Fracture,42,29,7340,90,0.4251207729468599,0.6027397260273972,0.3283582089552239
gemma-3-1b-it,standard,20,205,C6_Fracture,41,23,7318,121,0.36283185840707965,0.640625,0.25308641975308643
gemma-3-1b-it,standard,20,205,C7_Fracture,36,19,7267,181,0.2647058823529412,0.6545454545454545,0.16589861751152074
gemma-3-1b-it,standard,20,205,Any_Fracture,193,42,6795,473,0.4284128745837958,0.8212765957446808,0.2897897897897898
gemma-3-1b-it,standard,20,209,Occ_Condyle_Fracture,29,10,7375,89,0.36942675159235666,0.7435897435897436,0.2457627118644068
gemma-3-1b-it,standard,20,209,C1_Fracture,0,0,7408,95,0,0,0
gemma-3-1b-it,standard,20,209,C2_Fracture,8,1,7316,178,0.082051282,0.8888888888888888,0.043010752688172046
gemma-3-1b-it,standard,20,209,C3_Fracture,12,6,7426,59,0.2696629213483146,0.6666666666666666,0.16901408450704225
gemma-3-1b-it,standard,20,209,C4_Fracture,9,5,7414,75,0.1836734693877551,0.6428571428571429,0.10714285714285714
gemma-3-1b-it,standard,20,209,C5_Fracture,31,22,7347,103,0.3315508021390374,0.5849056603773585,0.23134328358208955
gemma-3-1b-it,standard,20,209,C6_Fracture,30,15,7326,132,0.2898550724637681,0.6666666666666666,0.18518518518518517
gemma-3-1b-it,standard,20,209,C7_Fracture,26,12,7274,191,0.20392156862745098,0.6842105263157895,0.11981566820276497
gemma-3-1b-it,standard,20,209,Any_Fracture,121,18,6819,545,0.30062111801242236,0.8705035971223022,0.1816816816816817
gemma-3-1b-it,standard,20,42,Occ_Condyle_Fracture,38,58,7329,80,0.3584905660377358,0.40425531914893614,0.3220338983050847
gemma-3-1b-it,standard,20,42,C1_Fracture,0,0,7408,95,0,0,0
gemma-3-1b-it,standard,20,42,C2_Fracture,14,2,7315,172,0.13861386138613863,0.875,0.075268817
gemma-3-1b-it,standard,20,42,C3_Fracture,18,16,7416,53,0.34285714285714286,0.5294117647058824,0.2535211267605634
gemma-3-1b-it,standard,20,42,C4_Fracture,12,14,7405,72,0.21818181818181817,0.46153846153846156,0.14285714285714285
gemma-3-1b-it,standard,20,42,C5_Fracture,49,50,7319,85,0.4206008583690987,0.494949495,0.3656716417910448
gemma-3-1b-it,standard,20,42,C6_Fracture,40,28,7313,122,0.34782608695652173,0.5882352941176471,0.24691358024691357
gemma-3-1b-it,standard,20,42,C7_Fracture,29,16,7270,188,0.22137404580152673,0.6444444444444445,0.1336405529953917
gemma-3-1b-it,standard,20,42,Any_Fracture,178,64,6773,488,0.3920704845814978,0.7355371900826446,0.2672672672672673
gemma-3-1b-it,standard,20,58,Occ_Condyle_Fracture,49,62,7323,69,0.4279475982532751,0.44144144144144143,0.4152542372881356
gemma-3-1b-it,standard,20,58,C1_Fracture,0,0,7408,95,0,0,0
gemma-3-1b-it,standard,20,58,C2_Fracture,18,2,7315,168,0.17475728155339806,0.9,0.096774194
gemma-3-1b-it,standard,20,58,C3_Fracture,20,25,7407,51,0.3448275862068966,0.4444444444444444,0.28169014084507044
gemma-3-1b-it,standard,20,58,C4_Fracture,13,28,7391,71,0.208,0.3170731707317073,0.15476190476190477
gemma-3-1b-it,standard,20,58,C5_Fracture,57,104,7265,77,0.3864406779661017,0.35403726708074534,0.4253731343283582
gemma-3-1b-it,standard,20,58,C6_Fracture,54,79,7262,108,0.36610169491525424,0.40601503759398494,0.3333333333333333
gemma-3-1b-it,standard,20,58,C7_Fracture,59,75,7211,158,0.33618233618233617,0.44029850746268656,0.271889401
gemma-3-1b-it,standard,20,58,Any_Fracture,227,112,6725,439,0.45174129353233833,0.6696165191740413,0.3408408408408408
gemma-3-1b-it,standard,500,1018,Occ_Condyle_Fracture,46,10,7375,72,0.5287356321839081,0.8214285714285714,0.3898305084745763
gemma-3-1b-it,standard,500,1018,C1_Fracture,16,2,7406,79,0.2831858407079646,0.8888888888888888,0.16842105263157894
gemma-3-1b-it,standard,500,1018,C2_Fracture,59,5,7312,127,0.472,0.921875,0.3172043010752688
gemma-3-1b-it,standard,500,1018,C3_Fracture,14,5,7427,57,0.3111111111111111,0.7368421052631579,0.19718309859154928
gemma-3-1b-it,standard,500,1018,C4_Fracture,21,3,7416,63,0.3888888888888889,0.875,0.25
gemma-3-1b-it,standard,500,1018,C5_Fracture,54,9,7360,80,0.5482233502538071,0.8571428571428571,0.40298507462686567
gemma-3-1b-it,standard,500,1018,C6_Fracture,93,23,7318,69,0.6690647482014388,0.8017241379310345,0.5740740740740741
gemma-3-1b-it,standard,500,1018,C7_Fracture,101,11,7275,116,0.6139817629179332,0.9017857142857143,0.46543778801843316
gemma-3-1b-it,standard,500,1018,Any_Fracture,328,36,6801,338,0.6368932038834951,0.9010989010989011,0.4924924924924925
gemma-3-1b-it,standard,500,205,Occ_Condyle_Fracture,51,9,7376,67,0.5730337078651685,0.85,0.4322033898305085
gemma-3-1b-it,standard,500,205,C1_Fracture,40,16,7392,55,0.5298013245033113,0.7142857142857143,0.42105263157894735
gemma-3-1b-it,standard,500,205,C2_Fracture,69,5,7312,117,0.5307692307692308,0.9324324324324325,0.3709677419354839
gemma-3-1b-it,standard,500,205,C3_Fracture,22,11,7421,49,0.4230769230769231,0.6666666666666666,0.30985915492957744
gemma-3-1b-it,standard,500,205,C4_Fracture,19,1,7418,65,0.36538461538461536,0.95,0.2261904761904762
gemma-3-1b-it,standard,500,205,C5_Fracture,57,17,7352,77,0.5480769230769231,0.7702702702702703,0.4253731343283582
gemma-3-1b-it,standard,500,205,C6_Fracture,91,19,7322,71,0.6691176470588235,0.8272727272727273,0.5617283950617284
gemma-3-1b-it,standard,500,205,C7_Fracture,120,17,7269,97,0.6779661016949152,0.8759124087591241,0.5529953917050692
gemma-3-1b-it,standard,500,205,Any_Fracture,362,42,6793,304,0.6753731343283582,0.8916256157635468,0.5435435435435435
gemma-3-1b-it,standard,500,209,Occ_Condyle_Fracture,69,32,7353,49,0.6301369863013698,0.6831683168316832,0.5847457627118644
gemma-3-1b-it,standard,500,209,C1_Fracture,42,24,7384,53,0.5217391304347826,0.6363636363636364,0.4421052631578947
gemma-3-1b-it,standard,500,209,C2_Fracture,112,28,7289,74,0.6871165644171779,0.8,0.6021505376344086
gemma-3-1b-it,standard,500,209,C3_Fracture,40,32,7400,31,0.5594405594405595,0.5555555555555556,0.5633802816901409
gemma-3-1b-it,standard,500,209,C4_Fracture,28,7,7412,58,0.47058823529411764,0.8,0.3333333333333333
gemma-3-1b-it,standard,500,209,C5_Fracture,60,26,7343,74,0.5454545454545454,0.6976744186046512,0.44776119402985076
gemma-3-1b-it,standard,500,209,C6_Fracture,84,15,7326,78,0.6436781609195402,0.8484848484848485,0.5185185185185185
gemma-3-1b-it,standard,500,209,C7_Fracture,73,8,7278,144,0.4899328859060403,0.9012345679012346,0.33640552995391704
gemma-3-1b-it,standard,500,209,Any_Fracture,386,76,6761,280,0.6843971631205674,0.8354978354978355,0.5795795795795796
gemma-3-1b-it,standard,500,42,Occ_Condyle_Fracture,3,0,7385,115,0.049586776859504134,1,0.025423728813559324
gemma-3-1b-it,standard,500,42,C1_Fracture,5,1,7407,90,0.099009901,0.8333333333333334,0.052631579
gemma-3-1b-it,standard,500,42,C2_Fracture,52,4,7313,134,0.4297520661157025,0.9285714285714286,0.27956989247311825
gemma-3-1b-it,standard,500,42,C3_Fracture,22,15,7417,49,0.4074074074074074,0.5945945945945946,0.30985915492957744
gemma-3-1b-it,standard,500,42,C4_Fracture,17,7,7412,67,0.3148148148148148,0.7083333333333334,0.20238095238095238
gemma-3-1b-it,standard,500,42,C5_Fracture,54,39,7330,80,0.47577092511013214,0.5806451612903226,0.40298507462686567
gemma-3-1b-it,standard,500,42,C6_Fracture,76,40,7301,86,0.5467625899280576,0.6551724137931034,0.4691358024691358
gemma-3-1b-it,standard,500,42,C7_Fracture,103,42,7242,114,0.5659340659340659,0.7006802721088435,0.47465437788018433
gemma-3-1b-it,standard,500,42,Any_Fracture,263,40,6797,403,0.542827657,0.8679867986798679,0.3948948948948949
gemma-3-1b-it,standard,500,58,Occ_Condyle_Fracture,17,6,7379,101,0.24113475177304963,0.7391304347826086,0.1440677966101695
gemma-3-1b-it,standard,500,58,C1_Fracture,22,2,7406,73,0.3697478991596639,0.9166666666666666,0.23157894736842105
gemma-3-1b-it,standard,500,58,C2_Fracture,100,14,7303,86,0.6666666666666666,0.8771929824561403,0.5376344086021505
gemma-3-1b-it,standard,500,58,C3_Fracture,33,19,7413,38,0.5365853658536586,0.6346153846153846,0.4647887323943662
gemma-3-1b-it,standard,500,58,C4_Fracture,30,12,7407,54,0.47619047619047616,0.7142857142857143,0.35714285714285715
gemma-3-1b-it,standard,500,58,C5_Fracture,67,32,7337,67,0.575107296,0.6767676767676768,0.5
gemma-3-1b-it,standard,500,58,C6_Fracture,98,29,7312,64,0.6782006920415224,0.7716535433070866,0.6049382716049383
gemma-3-1b-it,standard,500,58,C7_Fracture,108,15,7271,109,0.6352941176470588,0.8780487804878049,0.4976958525345622
gemma-3-1b-it,standard,500,58,Any_Fracture,358,69,6768,308,0.6550777676120768,0.8384074941451991,0.5375375375375375
gemma-3-1b-it,standard,800,1018,Occ_Condyle_Fracture,47,54,7331,71,0.4292237442922374,0.46534653465346537,0.3983050847457627
gemma-3-1b-it,standard,800,1018,C1_Fracture,50,16,7392,45,0.6211180124223602,0.7575757575757576,0.5263157894736842
gemma-3-1b-it,standard,800,1018,C2_Fracture,92,19,7298,94,0.6195286195286195,0.8288288288288288,0.4946236559139785
gemma-3-1b-it,standard,800,1018,C3_Fracture,24,11,7421,47,0.4528301886792453,0.6857142857142857,0.3380281690140845
gemma-3-1b-it,standard,800,1018,C4_Fracture,27,11,7408,57,0.4426229508196721,0.7105263157894737,0.32142857142857145
gemma-3-1b-it,standard,800,1018,C5_Fracture,71,22,7347,63,0.6255506607929515,0.7634408602150538,0.5298507462686567
gemma-3-1b-it,standard,800,1018,C6_Fracture,99,20,7321,63,0.7046263345195729,0.8319327731092437,0.6111111111111112
gemma-3-1b-it,standard,800,1018,C7_Fracture,102,14,7272,115,0.6126126126126126,0.8793103448275862,0.4700460829493088
gemma-3-1b-it,standard,800,1018,Any_Fracture,384,59,6778,282,0.6925157799819658,0.8668171557562077,0.5765765765765766
gemma-3-1b-it,standard,800,205,Occ_Condyle_Fracture,10,1,7384,108,0.15503875968992248,0.9090909090909091,0.084745763
gemma-3-1b-it,standard,800,205,C1_Fracture,30,2,7406,65,0.47244094488188976,0.9375,0.3157894736842105
gemma-3-1b-it,standard,800,205,C2_Fracture,117,14,7303,69,0.7381703470031545,0.8931297709923665,0.6290322580645161
gemma-3-1b-it,standard,800,205,C3_Fracture,33,10,7422,38,0.5789473684210527,0.7674418604651163,0.4647887323943662
gemma-3-1b-it,standard,800,205,C4_Fracture,28,4,7415,58,0.4827586206896552,0.875,0.3333333333333333
gemma-3-1b-it,standard,800,205,C5_Fracture,60,13,7356,74,0.5797101449275363,0.821917808,0.44776119402985076
gemma-3-1b-it,standard,800,205,C6_Fracture,103,16,7325,59,0.7330960854092526,0.865546218,0.6358024691358025
gemma-3-1b-it,standard,800,205,C7_Fracture,123,14,7272,94,0.6949152542372882,0.8978102189781022,0.5668202764976958
gemma-3-1b-it,standard,800,205,Any_Fracture,380,39,6798,286,0.7004608294930875,0.9069212410501193,0.5705705705705706
gemma-3-1b-it,standard,800,209,Occ_Condyle_Fracture,48,12,7373,70,0.5393258426966292,0.8,0.4067796610169492
gemma-3-1b-it,standard,800,209,C1_Fracture,43,9,7399,52,0.5850340136054422,0.8269230769230769,0.45263157894736844
gemma-3-1b-it,standard,800,209,C2_Fracture,136,28,7289,50,0.7771428571428571,0.8292682926829268,0.7311827956989247
gemma-3-1b-it,standard,800,209,C3_Fracture,35,20,7412,36,0.5555555555555556,0.6363636363636364,0.49295774647887325
gemma-3-1b-it,standard,800,209,C4_Fracture,34,7,7412,50,0.544,0.8292682926829268,0.40476190476190477
gemma-3-1b-it,standard,800,209,C5_Fracture,69,15,7354,65,0.6330275229357798,0.8214285714285714,0.5149253731343284
gemma-3-1b-it,standard,800,209,C6_Fracture,99,17,7324,63,0.7122302158273381,0.853448276,0.6111111111111112
gemma-3-1b-it,standard,800,209,C7_Fracture,145,18,7268,72,0.7631578947368421,0.8895705521472392,0.6682027649769585
gemma-3-1b-it,standard,800,209,Any_Fracture,440,58,6779,226,0.7560137457044673,0.8835341365461847,0.6606606606606606
gemma-3-1b-it,standard,800,42,Occ_Condyle_Fracture,28,1,7384,90,0.38095238095238093,0.9655172413793104,0.23728813559322035
gemma-3-1b-it,standard,800,42,C1_Fracture,37,3,7405,58,0.5481481481481482,0.925,0.3894736842105263
gemma-3-1b-it,standard,800,42,C2_Fracture,83,4,7313,103,0.608058608,0.9540229885057471,0.44623655913978494
gemma-3-1b-it,standard,800,42,C3_Fracture,26,7,7425,45,0.5,0.7878787878787878,0.36619718309859156
gemma-3-1b-it,standard,800,42,C4_Fracture,24,1,7418,60,0.44036697247706424,0.96,0.2857142857142857
gemma-3-1b-it,standard,800,42,C5_Fracture,67,15,7354,67,0.6203703703703703,0.8170731707317073,0.5
gemma-3-1b-it,standard,800,42,C6_Fracture,100,8,7333,62,0.7407407407407407,0.9259259259259259,0.6172839506172839
gemma-3-1b-it,standard,800,42,C7_Fracture,127,13,7273,90,0.711484594,0.9071428571428571,0.5852534562211982
gemma-3-1b-it,standard,800,42,Any_Fracture,377,32,6805,289,0.7013953488372093,0.921760391,0.566066066
gemma-3-1b-it,standard,800,58,Occ_Condyle_Fracture,66,5,7380,52,0.6984126984126984,0.9295774647887324,0.559322034
gemma-3-1b-it,standard,800,58,C1_Fracture,49,10,7398,46,0.6363636363636364,0.8305084745762712,0.5157894736842106
gemma-3-1b-it,standard,800,58,C2_Fracture,90,6,7311,96,0.6382978723404256,0.9375,0.4838709677419355
gemma-3-1b-it,standard,800,58,C3_Fracture,27,13,7419,42,0.4864864864864865,0.675,0.38028169014084506
gemma-3-1b-it,standard,800,58,C4_Fracture,26,2,7417,58,0.4642857142857143,0.9285714285714286,0.30952380952380953
gemma-3-1b-it,standard,800,58,C5_Fracture,66,25,7344,68,0.5866666666666667,0.7252747252747253,0.4925373134328358
gemma-3-1b-it,standard,800,58,C6_Fracture,97,13,7328,65,0.7132352941176471,0.8818181818181818,0.5987654320987654
gemma-3-1b-it,standard,800,58,C7_Fracture,107,8,7278,110,0.6445783132530121,0.9304347826086956,0.4930875576036866
gemma-3-1b-it,standard,800,58,Any_Fracture,387,37,6800,279,0.710091743,0.9127358490566038,0.581081081
gemma-3-4b-it,standard,100,1018,Occ_Condyle_Fracture,112,42,7341,6,0.8175182481751825,0.717948718,0.9491525423728814
gemma-3-4b-it,standard,100,1018,C1_Fracture,93,71,7337,2,0.7181467181467182,0.5670731707317073,0.9789473684210527
gemma-3-4b-it,standard,100,1018,C2_Fracture,177,37,7280,9,0.885,0.8271028037383178,0.9516129032258065
gemma-3-4b-it,standard,100,1018,C3_Fracture,66,64,7368,5,0.6567164179104478,0.5076923076923077,0.9295774647887324
gemma-3-4b-it,standard,100,1018,C4_Fracture,77,52,7367,7,0.7230046948356808,0.5968992248062015,0.9166666666666666
gemma-3-4b-it,standard,100,1018,C5_Fracture,117,47,7322,17,0.785234899,0.7134146341463414,0.8731343283582089
gemma-3-4b-it,standard,100,1018,C6_Fracture,156,47,7294,6,0.8547945205479452,0.7684729064039408,0.9629629629629629
gemma-3-4b-it,standard,100,1018,C7_Fracture,202,28,7258,15,0.9038031319910514,0.8782608695652174,0.9308755760368663
gemma-3-4b-it,standard,100,1018,Any_Fracture,641,160,6677,25,0.8738922972051807,0.8002496878901373,0.9624624624624625
gemma-3-4b-it,standard,100,205,Occ_Condyle_Fracture,111,26,7359,7,0.8705882352941177,0.8102189781021898,0.940677966
gemma-3-4b-it,standard,100,205,C1_Fracture,91,69,7339,4,0.7137254901960784,0.56875,0.9578947368421052
gemma-3-4b-it,standard,100,205,C2_Fracture,179,35,7282,7,0.895,0.8364485981308412,0.9623655913978495
gemma-3-4b-it,standard,100,205,C3_Fracture,67,68,7364,4,0.6504854368932039,0.4962962962962963,0.9436619718309859
gemma-3-4b-it,standard,100,205,C4_Fracture,77,51,7368,7,0.7264150943396226,0.6015625,0.9166666666666666
gemma-3-4b-it,standard,100,205,C5_Fracture,116,48,7321,18,0.7785234899328859,0.7073170731707317,0.8656716417910447
gemma-3-4b-it,standard,100,205,C6_Fracture,156,48,7293,6,0.8524590163934426,0.7647058823529411,0.9629629629629629
gemma-3-4b-it,standard,100,205,C7_Fracture,203,31,7255,14,0.9002217294900222,0.8675213675213675,0.9354838709677419
gemma-3-4b-it,standard,100,205,Any_Fracture,643,140,6697,23,0.8875086266390614,0.8212005108556832,0.9654654654654654
gemma-3-4b-it,standard,100,209,Occ_Condyle_Fracture,112,42,7341,6,0.8175182481751825,0.717948718,0.9491525423728814
gemma-3-4b-it,standard,100,209,C1_Fracture,89,58,7352,6,0.7416666666666667,0.6137931034482759,0.9368421052631579
gemma-3-4b-it,standard,100,209,C2_Fracture,179,38,7279,7,0.8883374689826302,0.8248847926267281,0.9623655913978495
gemma-3-4b-it,standard,100,209,C3_Fracture,66,47,7385,5,0.717391304,0.584070796,0.9295774647887324
gemma-3-4b-it,standard,100,209,C4_Fracture,77,34,7385,7,0.7897435897435897,0.6936936936936937,0.9166666666666666
gemma-3-4b-it,standard,100,209,C5_Fracture,117,31,7338,17,0.8297872340425532,0.7905405405405406,0.8731343283582089
gemma-3-4b-it,standard,100,209,C6_Fracture,155,32,7309,7,0.8882521489971347,0.8288770053475936,0.9567901234567902
gemma-3-4b-it,standard,100,209,C7_Fracture,200,27,7259,17,0.9009009009009009,0.8810572687224669,0.9216589861751152
gemma-3-4b-it,standard,100,209,Any_Fracture,640,134,6703,26,0.8888888888888888,0.8268733850129198,0.960960961
gemma-3-4b-it,standard,100,42,Occ_Condyle_Fracture,113,41,7344,5,0.8308823529411765,0.7337662337662337,0.9576271186440678
gemma-3-4b-it,standard,100,42,C1_Fracture,93,99,7309,2,0.6480836236933798,0.484375,0.9789473684210527
gemma-3-4b-it,standard,100,42,C2_Fracture,182,81,7236,4,0.8106904231625836,0.6920152091254753,0.978494624
gemma-3-4b-it,standard,100,42,C3_Fracture,68,102,7330,3,0.5643153526970954,0.4,0.9577464788732394
gemma-3-4b-it,standard,100,42,C4_Fracture,78,103,7316,6,0.5886792452830188,0.430939227,0.9285714285714286
gemma-3-4b-it,standard,100,42,C5_Fracture,121,87,7282,13,0.7076023391812866,0.5817307692307693,0.9029850746268657
gemma-3-4b-it,standard,100,42,C6_Fracture,159,83,7258,3,0.7871287128712872,0.6570247933884298,0.9814814814814815
gemma-3-4b-it,standard,100,42,C7_Fracture,206,42,7244,11,0.886021505,0.8306451612903226,0.9493087557603687
gemma-3-4b-it,standard,100,42,Any_Fracture,648,264,6573,18,0.8212927756653993,0.7105263157894737,0.972972973
gemma-3-4b-it,standard,100,58,Occ_Condyle_Fracture,110,25,7360,8,0.8695652173913043,0.8148148148148148,0.9322033898305084
gemma-3-4b-it,standard,100,58,C1_Fracture,88,27,7381,7,0.8380952380952381,0.7652173913043478,0.9263157894736842
gemma-3-4b-it,standard,100,58,C2_Fracture,179,19,7298,7,0.9322916666666666,0.9040404040404041,0.9623655913978495
gemma-3-4b-it,standard,100,58,C3_Fracture,66,47,7385,5,0.717391304,0.584070796,0.9295774647887324
gemma-3-4b-it,standard,100,58,C4_Fracture,77,37,7382,7,0.7777777777777778,0.6754385964912281,0.9166666666666666
gemma-3-4b-it,standard,100,58,C5_Fracture,114,26,7343,20,0.8321167883211679,0.8142857142857143,0.8507462686567164
gemma-3-4b-it,standard,100,58,C6_Fracture,153,34,7307,9,0.8767908309455588,0.8181818181818182,0.9444444444444444
gemma-3-4b-it,standard,100,58,C7_Fracture,198,25,7261,19,0.9,0.8878923766816144,0.9124423963133641
gemma-3-4b-it,standard,100,58,Any_Fracture,633,95,6742,33,0.9081779053084649,0.8695054945054945,0.9504504504504504
gemma-3-4b-it,standard,1064,1018,Occ_Condyle_Fracture,110,147,7238,8,0.5866666666666667,0.4280155642023346,0.9322033898305084
gemma-3-4b-it,standard,1064,1018,C1_Fracture,87,9,7399,8,0.9109947643979057,0.90625,0.9157894736842105
gemma-3-4b-it,standard,1064,1018,C2_Fracture,177,16,7301,9,0.9340369393139841,0.917098446,0.9516129032258065
gemma-3-4b-it,standard,1064,1018,C3_Fracture,64,6,7426,7,0.9078014184397163,0.9142857142857143,0.9014084507042254
gemma-3-4b-it,standard,1064,1018,C4_Fracture,76,12,7407,8,0.8837209302325582,0.8636363636363636,0.9047619047619048
gemma-3-4b-it,standard,1064,1018,C5_Fracture,117,20,7349,17,0.8634686346863468,0.8540145985401459,0.8731343283582089
gemma-3-4b-it,standard,1064,1018,C6_Fracture,152,20,7321,10,0.9101796407185628,0.8837209302325582,0.9382716049382716
gemma-3-4b-it,standard,1064,1018,C7_Fracture,203,22,7264,14,0.918552036,0.9022222222222223,0.9354838709677419
gemma-3-4b-it,standard,1064,1018,Any_Fracture,636,154,6683,30,0.8736263736263736,0.8050632911392405,0.954954955
gemma-3-4b-it,standard,1064,205,Occ_Condyle_Fracture,110,58,7327,8,0.7692307692307693,0.6547619047619048,0.9322033898305084
gemma-3-4b-it,standard,1064,205,C1_Fracture,80,1,7407,15,0.9090909090909091,0.9876543209876543,0.8421052631578947
gemma-3-4b-it,standard,1064,205,C2_Fracture,172,14,7303,14,0.9247311827956989,0.9247311827956989,0.9247311827956989
gemma-3-4b-it,standard,1064,205,C3_Fracture,64,6,7426,7,0.9078014184397163,0.9142857142857143,0.9014084507042254
gemma-3-4b-it,standard,1064,205,C4_Fracture,76,6,7413,8,0.9156626506024096,0.926829268,0.9047619047619048
gemma-3-4b-it,standard,1064,205,C5_Fracture,117,21,7348,17,0.8602941176470589,0.8478260869565217,0.8731343283582089
gemma-3-4b-it,standard,1064,205,C6_Fracture,152,16,7325,10,0.9212121212121213,0.9047619047619048,0.9382716049382716
gemma-3-4b-it,standard,1064,205,C7_Fracture,202,17,7269,15,0.926605505,0.9223744292237442,0.9308755760368663
gemma-3-4b-it,standard,1064,205,Any_Fracture,633,96,6741,33,0.9075268817204301,0.8683127572016461,0.9504504504504504
gemma-3-4b-it,standard,1064,209,Occ_Condyle_Fracture,111,108,7277,7,0.658753709,0.5068493150684932,0.940677966
gemma-3-4b-it,standard,1064,209,C1_Fracture,86,5,7403,9,0.9247311827956989,0.945054945,0.9052631578947369
gemma-3-4b-it,standard,1064,209,C2_Fracture,178,19,7298,8,0.9295039164490861,0.9035532994923858,0.956989247
gemma-3-4b-it,standard,1064,209,C3_Fracture,65,15,7417,6,0.8609271523178808,0.8125,0.9154929577464789
gemma-3-4b-it,standard,1064,209,C4_Fracture,77,18,7401,7,0.8603351955307262,0.8105263157894737,0.9166666666666666
gemma-3-4b-it,standard,1064,209,C5_Fracture,121,30,7339,13,0.8491228070175438,0.8013245033112583,0.9029850746268657
gemma-3-4b-it,standard,1064,209,C6_Fracture,154,33,7308,8,0.8825214899713467,0.8235294117647058,0.9506172839506173
gemma-3-4b-it,standard,1064,209,C7_Fracture,206,30,7256,11,0.9094922737306843,0.8728813559322034,0.9493087557603687
gemma-3-4b-it,standard,1064,209,Any_Fracture,638,152,6685,28,0.8763736263736264,0.8075949367088607,0.9579579579579579
gemma-3-4b-it,standard,1064,42,Occ_Condyle_Fracture,93,2,7383,25,0.8732394366197183,0.9789473684210527,0.788135593
gemma-3-4b-it,standard,1064,42,C1_Fracture,82,3,7405,13,0.9111111111111111,0.9647058823529412,0.8631578947368421
gemma-3-4b-it,standard,1064,42,C2_Fracture,176,7,7310,10,0.9539295392953929,0.9617486338797814,0.946236559
gemma-3-4b-it,standard,1064,42,C3_Fracture,63,7,7425,8,0.8936170212765957,0.9,0.8873239436619719
gemma-3-4b-it,standard,1064,42,C4_Fracture,72,4,7415,12,0.9,0.9473684210526315,0.8571428571428571
gemma-3-4b-it,standard,1064,42,C5_Fracture,101,4,7365,33,0.8451882845188284,0.9619047619047619,0.753731343
gemma-3-4b-it,standard,1064,42,C6_Fracture,144,6,7335,18,0.9230769230769231,0.96,0.8888888888888888
gemma-3-4b-it,standard,1064,42,C7_Fracture,197,8,7278,20,0.933649289,0.9609756097560975,0.9078341013824884
gemma-3-4b-it,standard,1064,42,Any_Fracture,603,16,6821,63,0.9385214007782101,0.9741518578352181,0.9054054054054054
gemma-3-4b-it,standard,1064,58,Occ_Condyle_Fracture,109,17,7368,9,0.8934426229508197,0.8650793650793651,0.923728814
gemma-3-4b-it,standard,1064,58,C1_Fracture,83,2,7406,12,0.9222222222222223,0.9764705882352941,0.8736842105263158
gemma-3-4b-it,standard,1064,58,C2_Fracture,167,3,7314,19,0.9382022471910112,0.9823529411764705,0.8978494623655914
gemma-3-4b-it,standard,1064,58,C3_Fracture,63,13,7419,8,0.8571428571428571,0.8289473684210527,0.8873239436619719
gemma-3-4b-it,standard,1064,58,C4_Fracture,73,5,7414,11,0.9012345679012346,0.9358974358974359,0.8690476190476191
gemma-3-4b-it,standard,1064,58,C5_Fracture,110,4,7365,24,0.8870967741935484,0.9649122807017544,0.8208955223880597
gemma-3-4b-it,standard,1064,58,C6_Fracture,146,8,7333,16,0.9240506329113924,0.948051948,0.9012345679012346
gemma-3-4b-it,standard,1064,58,C7_Fracture,190,6,7280,27,0.9200968523002422,0.9693877551020408,0.8755760368663594
gemma-3-4b-it,standard,1064,58,Any_Fracture,609,19,6818,57,0.9412673879443586,0.9697452229299363,0.9144144144144144
gemma-3-4b-it,standard,20,1018,Occ_Condyle_Fracture,114,58,7329,4,0.7916666666666666,0.6705882352941176,0.9661016949152542
gemma-3-4b-it,standard,20,1018,C1_Fracture,92,100,7308,3,0.6411149825783972,0.4791666666666667,0.968421053
gemma-3-4b-it,standard,20,1018,C2_Fracture,182,85,7232,4,0.8035320088300221,0.6816479400749064,0.978494624
gemma-3-4b-it,standard,20,1018,C3_Fracture,67,113,7319,4,0.5338645418326693,0.37222222222222223,0.9436619718309859
gemma-3-4b-it,standard,20,1018,C4_Fracture,78,110,7309,6,0.5735294117647058,0.4148936170212766,0.9285714285714286
gemma-3-4b-it,standard,20,1018,C5_Fracture,122,95,7274,12,0.6951566951566952,0.5622119815668203,0.9104477611940298
gemma-3-4b-it,standard,20,1018,C6_Fracture,158,94,7247,4,0.7632850241545893,0.626984127,0.9753086419753086
gemma-3-4b-it,standard,20,1018,C7_Fracture,204,52,7234,13,0.8625792811839323,0.796875,0.9400921658986175
gemma-3-4b-it,standard,20,1018,Any_Fracture,649,301,6536,17,0.8032178217821783,0.6831578947368421,0.9744744744744744
gemma-3-4b-it,standard,20,205,Occ_Condyle_Fracture,113,53,7332,5,0.795774648,0.6807228915662651,0.9576271186440678
gemma-3-4b-it,standard,20,205,C1_Fracture,92,83,7325,3,0.6814814814814815,0.5257142857142857,0.968421053
gemma-3-4b-it,standard,20,205,C2_Fracture,179,57,7260,7,0.8483412322274881,0.7584745762711864,0.9623655913978495
gemma-3-4b-it,standard,20,205,C3_Fracture,67,90,7342,4,0.5877192982456141,0.4267515923566879,0.9436619718309859
gemma-3-4b-it,standard,20,205,C4_Fracture,77,75,7344,7,0.652542373,0.506578947,0.9166666666666666
gemma-3-4b-it,standard,20,205,C5_Fracture,119,67,7302,15,0.74375,0.6397849462365591,0.8880597014925373
gemma-3-4b-it,standard,20,205,C6_Fracture,157,68,7273,5,0.8113695090439277,0.6977777777777778,0.9691358024691358
gemma-3-4b-it,standard,20,205,C7_Fracture,204,38,7248,13,0.8888888888888888,0.8429752066115702,0.9400921658986175
gemma-3-4b-it,standard,20,205,Any_Fracture,644,229,6608,22,0.8369070825211176,0.7376861397479955,0.9669669669669669
gemma-3-4b-it,standard,20,209,Occ_Condyle_Fracture,113,51,7334,5,0.8014184397163121,0.6890243902439024,0.9576271186440678
gemma-3-4b-it,standard,20,209,C1_Fracture,92,79,7329,3,0.6917293233082706,0.5380116959064327,0.968421053
gemma-3-4b-it,standard,20,209,C2_Fracture,180,58,7261,6,0.8530805687203792,0.7627118644067796,0.967741935
gemma-3-4b-it,standard,20,209,C3_Fracture,67,75,7357,4,0.6291079812206573,0.47183098591549294,0.9436619718309859
gemma-3-4b-it,standard,20,209,C4_Fracture,77,67,7352,7,0.6754385964912281,0.5347222222222222,0.9166666666666666
gemma-3-4b-it,standard,20,209,C5_Fracture,120,64,7305,14,0.7547169811320755,0.6521739130434783,0.8955223880597015
gemma-3-4b-it,standard,20,209,C6_Fracture,157,60,7281,5,0.8284960422163589,0.7235023041474654,0.9691358024691358
gemma-3-4b-it,standard,20,209,C7_Fracture,204,34,7252,13,0.8967032967032967,0.8571428571428571,0.9400921658986175
gemma-3-4b-it,standard,20,209,Any_Fracture,646,198,6639,20,0.8556291390728477,0.7654028436018957,0.96996997
gemma-3-4b-it,standard,20,42,Occ_Condyle_Fracture,114,52,7333,4,0.8028169014084507,0.6867469879518072,0.9661016949152542
gemma-3-4b-it,standard,20,42,C1_Fracture,93,97,7311,2,0.6526315789473685,0.48947368421052634,0.9789473684210527
gemma-3-4b-it,standard,20,42,C2_Fracture,181,77,7240,5,0.8153153153153153,0.7015503875968992,0.9731182795698925
gemma-3-4b-it,standard,20,42,C3_Fracture,68,102,7330,3,0.5643153526970954,0.4,0.9577464788732394
gemma-3-4b-it,standard,20,42,C4_Fracture,78,100,7319,6,0.5954198473282443,0.43820224719101125,0.9285714285714286
gemma-3-4b-it,standard,20,42,C5_Fracture,121,86,7283,13,0.7096774193548387,0.5845410628019324,0.9029850746268657
gemma-3-4b-it,standard,20,42,C6_Fracture,159,83,7258,3,0.7871287128712872,0.6570247933884298,0.9814814814814815
gemma-3-4b-it,standard,20,42,C7_Fracture,206,42,7242,11,0.8822269807280514,0.824,0.9493087557603687
gemma-3-4b-it,standard,20,42,Any_Fracture,649,272,6565,17,0.8178954001260239,0.7046688382193268,0.9744744744744744
gemma-3-4b-it,standard,20,58,Occ_Condyle_Fracture,113,49,7336,5,0.8071428571428572,0.6975308641975309,0.9576271186440678
gemma-3-4b-it,standard,20,58,C1_Fracture,91,73,7335,4,0.7027027027027027,0.5548780487804879,0.9578947368421052
gemma-3-4b-it,standard,20,58,C2_Fracture,179,57,7260,7,0.8483412322274881,0.7584745762711864,0.9623655913978495
gemma-3-4b-it,standard,20,58,C3_Fracture,67,90,7342,4,0.5877192982456141,0.4267515923566879,0.9436619718309859
gemma-3-4b-it,standard,20,58,C4_Fracture,77,92,7327,7,0.6086956521739131,0.4556213017751479,0.9166666666666666
gemma-3-4b-it,standard,20,58,C5_Fracture,123,81,7288,11,0.727810651,0.6029411764705882,0.917910448
gemma-3-4b-it,standard,20,58,C6_Fracture,158,80,7261,4,0.79,0.6638655462184874,0.9753086419753086
gemma-3-4b-it,standard,20,58,C7_Fracture,205,40,7246,12,0.8874458874458875,0.8367346938775511,0.9447004608294931
gemma-3-4b-it,standard,20,58,Any_Fracture,646,246,6591,20,0.8292682926829268,0.7242152466367713,0.96996997
gemma-3-4b-it,standard,500,1018,Occ_Condyle_Fracture,103,8,7377,15,0.8995633187772926,0.9279279279279279,0.8728813559322034
gemma-3-4b-it,standard,500,1018,C1_Fracture,86,7,7401,9,0.9148936170212766,0.9247311827956989,0.9052631578947369
gemma-3-4b-it,standard,500,1018,C2_Fracture,166,10,7307,20,0.9171270718232044,0.9431818181818182,0.8924731182795699
gemma-3-4b-it,standard,500,1018,C3_Fracture,64,15,7417,7,0.8533333333333334,0.810126582,0.9014084507042254
gemma-3-4b-it,standard,500,1018,C4_Fracture,72,7,7412,12,0.8834355828220859,0.9113924050632911,0.8571428571428571
gemma-3-4b-it,standard,500,1018,C5_Fracture,104,8,7361,30,0.8455284552845529,0.9285714285714286,0.7761194029850746
gemma-3-4b-it,standard,500,1018,C6_Fracture,138,8,7333,24,0.8961038961038961,0.9452054794520548,0.8518518518518519
gemma-3-4b-it,standard,500,1018,C7_Fracture,188,5,7281,29,0.9170731707317074,0.9740932642487047,0.8663594470046083
gemma-3-4b-it,standard,500,1018,Any_Fracture,599,35,6802,67,0.9215384615384615,0.944794953,0.8993993993993994
gemma-3-4b-it,standard,500,205,Occ_Condyle_Fracture,108,78,7307,10,0.7105263157894737,0.5806451612903226,0.9152542372881356
gemma-3-4b-it,standard,500,205,C1_Fracture,79,4,7404,16,0.8876404494382022,0.9518072289156626,0.8315789473684211
gemma-3-4b-it,standard,500,205,C2_Fracture,171,9,7308,15,0.9344262295081968,0.95,0.9193548387096774
gemma-3-4b-it,standard,500,205,C3_Fracture,62,14,7418,9,0.8435374149659864,0.8157894736842105,0.8732394366197183
gemma-3-4b-it,standard,500,205,C4_Fracture,73,11,7408,11,0.8690476190476191,0.8690476190476191,0.8690476190476191
gemma-3-4b-it,standard,500,205,C5_Fracture,110,6,7363,24,0.88,0.9482758620689655,0.8208955223880597
gemma-3-4b-it,standard,500,205,C6_Fracture,141,6,7335,21,0.912621359,0.9591836734693877,0.8703703703703703
gemma-3-4b-it,standard,500,205,C7_Fracture,182,7,7279,35,0.896551724,0.9629629629629629,0.8387096774193549
gemma-3-4b-it,standard,500,205,Any_Fracture,595,57,6780,71,0.9028831562974203,0.9125766871165644,0.8933933933933934
gemma-3-4b-it,standard,500,209,Occ_Condyle_Fracture,105,41,7344,13,0.7954545454545454,0.7191780821917808,0.8898305084745762
gemma-3-4b-it,standard,500,209,C1_Fracture,74,3,7405,21,0.8604651162790697,0.961038961,0.7789473684210526
gemma-3-4b-it,standard,500,209,C2_Fracture,161,8,7309,25,0.9070422535211268,0.9526627218934911,0.8655913978494624
gemma-3-4b-it,standard,500,209,C3_Fracture,63,34,7398,8,0.75,0.6494845360824743,0.8873239436619719
gemma-3-4b-it,standard,500,209,C4_Fracture,76,27,7392,8,0.8128342245989305,0.7378640776699029,0.9047619047619048
gemma-3-4b-it,standard,500,209,C5_Fracture,111,17,7352,23,0.8473282442748091,0.8671875,0.8283582089552238
gemma-3-4b-it,standard,500,209,C6_Fracture,144,20,7321,18,0.8834355828220859,0.8780487804878049,0.8888888888888888
gemma-3-4b-it,standard,500,209,C7_Fracture,186,13,7273,31,0.8942307692307693,0.9346733668341709,0.8571428571428571
gemma-3-4b-it,standard,500,209,Any_Fracture,583,39,6798,83,0.905279503,0.9372990353697749,0.8753753753753754
gemma-3-4b-it,standard,500,42,Occ_Condyle_Fracture,111,63,7322,7,0.7602739726027398,0.6379310344827587,0.940677966
gemma-3-4b-it,standard,500,42,C1_Fracture,88,16,7392,7,0.8844221105527639,0.8461538461538461,0.9263157894736842
gemma-3-4b-it,standard,500,42,C2_Fracture,173,9,7308,13,0.9402173913043478,0.9505494505494505,0.9301075268817204
gemma-3-4b-it,standard,500,42,C3_Fracture,64,24,7408,7,0.8050314465408805,0.7272727272727273,0.9014084507042254
gemma-3-4b-it,standard,500,42,C4_Fracture,76,23,7396,8,0.8306010928961749,0.7676767676767676,0.9047619047619048
gemma-3-4b-it,standard,500,42,C5_Fracture,114,21,7348,20,0.8475836431226765,0.8444444444444444,0.8507462686567164
gemma-3-4b-it,standard,500,42,C6_Fracture,147,21,7320,15,0.8909090909090909,0.875,0.9074074074074074
gemma-3-4b-it,standard,500,42,C7_Fracture,201,25,7261,16,0.90744921,0.8893805309734514,0.9262672811059908
gemma-3-4b-it,standard,500,42,Any_Fracture,637,107,6730,29,0.9035460992907801,0.8561827956989247,0.9564564564564565
gemma-3-4b-it,standard,500,58,Occ_Condyle_Fracture,111,80,7305,7,0.7184466019417476,0.581151832,0.940677966
gemma-3-4b-it,standard,500,58,C1_Fracture,87,23,7385,8,0.848780488,0.7909090909090909,0.9157894736842105
gemma-3-4b-it,standard,500,58,C2_Fracture,177,18,7299,9,0.9291338582677166,0.9076923076923077,0.9516129032258065
gemma-3-4b-it,standard,500,58,C3_Fracture,65,24,7408,6,0.8125,0.7303370786516854,0.9154929577464789
gemma-3-4b-it,standard,500,58,C4_Fracture,75,26,7393,9,0.8108108108108109,0.7425742574257426,0.8928571428571429
gemma-3-4b-it,standard,500,58,C5_Fracture,112,25,7344,22,0.8265682656826568,0.8175182481751825,0.835820896
gemma-3-4b-it,standard,500,58,C6_Fracture,149,28,7313,13,0.8790560471976401,0.8418079096045198,0.9197530864197531
gemma-3-4b-it,standard,500,58,C7_Fracture,193,17,7269,24,0.9039812646370023,0.919047619,0.8894009216589862
gemma-3-4b-it,standard,500,58,Any_Fracture,637,111,6726,29,0.900990099,0.8516042780748663,0.9564564564564565
gemma-3-4b-it,standard,800,1018,Occ_Condyle_Fracture,108,10,7375,10,0.9152542372881356,0.9152542372881356,0.9152542372881356
gemma-3-4b-it,standard,800,1018,C1_Fracture,80,4,7404,15,0.8938547486033519,0.9523809523809523,0.8421052631578947
gemma-3-4b-it,standard,800,1018,C2_Fracture,172,12,7305,14,0.9297297297297298,0.9347826086956522,0.9247311827956989
gemma-3-4b-it,standard,800,1018,C3_Fracture,59,10,7422,12,0.8428571428571429,0.855072464,0.8309859154929577
gemma-3-4b-it,standard,800,1018,C4_Fracture,68,9,7410,16,0.844720497,0.8831168831168831,0.8095238095238095
gemma-3-4b-it,standard,800,1018,C5_Fracture,112,18,7351,22,0.8484848484848485,0.8615384615384616,0.835820896
gemma-3-4b-it,standard,800,1018,C6_Fracture,146,25,7316,16,0.8768768768768769,0.8538011695906432,0.9012345679012346
gemma-3-4b-it,standard,800,1018,C7_Fracture,191,8,7278,26,0.9182692307692307,0.9597989949748744,0.880184332
gemma-3-4b-it,standard,800,1018,Any_Fracture,616,43,6794,50,0.929811321,0.9347496206373292,0.924924925
gemma-3-4b-it,standard,800,205,Occ_Condyle_Fracture,105,6,7379,13,0.9170305676855895,0.9459459459459459,0.8898305084745762
gemma-3-4b-it,standard,800,205,C1_Fracture,73,3,7405,22,0.8538011695906432,0.9605263157894737,0.7684210526315789
gemma-3-4b-it,standard,800,205,C2_Fracture,173,18,7299,13,0.9177718832891246,0.9057591623036649,0.9301075268817204
gemma-3-4b-it,standard,800,205,C3_Fracture,62,13,7419,9,0.8493150684931506,0.8266666666666667,0.8732394366197183
gemma-3-4b-it,standard,800,205,C4_Fracture,61,10,7409,23,0.7870967741935484,0.8591549295774648,0.7261904761904762
gemma-3-4b-it,standard,800,205,C5_Fracture,97,8,7361,37,0.8117154811715481,0.9238095238095239,0.7238805970149254
gemma-3-4b-it,standard,800,205,C6_Fracture,140,10,7331,22,0.8974358974358975,0.9333333333333333,0.8641975308641975
gemma-3-4b-it,standard,800,205,C7_Fracture,185,9,7277,32,0.9002433090024331,0.9536082474226805,0.8525345622119815
gemma-3-4b-it,standard,800,205,Any_Fracture,592,33,6804,74,0.917118513,0.9472,0.8888888888888888
gemma-3-4b-it,standard,800,209,Occ_Condyle_Fracture,102,21,7364,16,0.8464730290456431,0.8292682926829268,0.86440678
gemma-3-4b-it,standard,800,209,C1_Fracture,83,11,7397,12,0.8783068783068783,0.8829787234042553,0.8736842105263158
gemma-3-4b-it,standard,800,209,C2_Fracture,175,12,7305,11,0.938337802,0.9358288770053476,0.9408602150537635
gemma-3-4b-it,standard,800,209,C3_Fracture,64,30,7402,7,0.7757575757575758,0.6808510638297872,0.9014084507042254
gemma-3-4b-it,standard,800,209,C4_Fracture,75,18,7401,9,0.847457627,0.8064516129032258,0.8928571428571429
gemma-3-4b-it,standard,800,209,C5_Fracture,114,15,7354,20,0.8669201520912547,0.8837209302325582,0.8507462686567164
gemma-3-4b-it,standard,800,209,C6_Fracture,146,26,7315,16,0.874251497,0.8488372093023255,0.9012345679012346
gemma-3-4b-it,standard,800,209,C7_Fracture,191,14,7272,26,0.9052132701421801,0.9317073170731708,0.880184332
gemma-3-4b-it,standard,800,209,Any_Fracture,610,35,6802,58,0.9305873379099924,0.9457364341085271,0.9159159159159159
gemma-3-4b-it,standard,800,42,Occ_Condyle_Fracture,105,19,7366,13,0.8677685950413223,0.8467741935483871,0.8898305084745762
gemma-3-4b-it,standard,800,42,C1_Fracture,65,2,7406,30,0.8024691358024691,0.9701492537313433,0.6842105263157895
gemma-3-4b-it,standard,800,42,C2_Fracture,175,12,7305,11,0.938337802,0.9358288770053476,0.9408602150537635
gemma-3-4b-it,standard,800,42,C3_Fracture,65,16,7416,6,0.8552631578947368,0.8024691358024691,0.9154929577464789
gemma-3-4b-it,standard,800,42,C4_Fracture,77,12,7407,7,0.8901734104046243,0.8651685393258427,0.9166666666666666
gemma-3-4b-it,standard,800,42,C5_Fracture,115,42,7325,19,0.7849829351535836,0.7232704402515723,0.8582089552238806
gemma-3-4b-it,standard,800,42,C6_Fracture,151,29,7312,11,0.8830409356725146,0.8388888888888889,0.9320987654320988
gemma-3-4b-it,standard,800,42,C7_Fracture,192,19,7267,25,0.897196262,0.909952607,0.8847926267281107
gemma-3-4b-it,standard,800,42,Any_Fracture,625,101,6736,41,0.8979885057471264,0.8608815426997245,0.9384384384384384
gemma-3-4b-it,standard,800,58,Occ_Condyle_Fracture,110,23,7362,8,0.8764940239043825,0.8270676691729323,0.9322033898305084
gemma-3-4b-it,standard,800,58,C1_Fracture,81,9,7399,14,0.8756756756756757,0.9,0.8526315789473684
gemma-3-4b-it,standard,800,58,C2_Fracture,176,18,7299,10,0.9263157894736842,0.9072164948453608,0.946236559
gemma-3-4b-it,standard,800,58,C3_Fracture,63,10,7422,8,0.875,0.863013699,0.8873239436619719
gemma-3-4b-it,standard,800,58,C4_Fracture,70,6,7413,14,0.875,0.9210526315789473,0.8333333333333334
gemma-3-4b-it,standard,800,58,C5_Fracture,110,9,7360,24,0.8695652173913043,0.9243697478991597,0.8208955223880597
gemma-3-4b-it,standard,800,58,C6_Fracture,153,11,7330,9,0.9386503067484663,0.9329268292682927,0.9444444444444444
gemma-3-4b-it,standard,800,58,C7_Fracture,201,11,7275,16,0.9370629370629371,0.9481132075471698,0.9262672811059908
gemma-3-4b-it,standard,800,58,Any_Fracture,632,41,6796,34,0.9439880507841673,0.9390787518573551,0.948948949
phi-3_5-mini-instruct,standard,100,1018,Occ_Condyle_Fracture,107,36,7349,11,0.8199233716475096,0.7482517482517482,0.9067796610169492
phi-3_5-mini-instruct,standard,100,1018,C1_Fracture,88,18,7390,7,0.8756218905472637,0.8301886792452831,0.9263157894736842
phi-3_5-mini-instruct,standard,100,1018,C2_Fracture,149,15,7302,37,0.8514285714285714,0.9085365853658537,0.8010752688172043
phi-3_5-mini-instruct,standard,100,1018,C3_Fracture,54,6,7426,17,0.8244274809160306,0.9,0.7605633802816901
phi-3_5-mini-instruct,standard,100,1018,C4_Fracture,66,3,7416,18,0.8627450980392157,0.9565217391304348,0.7857142857142857
phi-3_5-mini-instruct,standard,100,1018,C5_Fracture,101,7,7362,33,0.8347107438016529,0.9351851851851852,0.753731343
phi-3_5-mini-instruct,standard,100,1018,C6_Fracture,144,6,7335,18,0.9230769230769231,0.96,0.8888888888888888
phi-3_5-mini-instruct,standard,100,1018,C7_Fracture,190,7,7279,27,0.9178743961352657,0.9644670050761421,0.8755760368663594
phi-3_5-mini-instruct,standard,100,1018,Any_Fracture,593,42,6795,73,0.9116064565718678,0.9338582677165355,0.8903903903903904
phi-3_5-mini-instruct,standard,100,205,Occ_Condyle_Fracture,101,17,7368,17,0.8559322033898306,0.8559322033898306,0.8559322033898306
phi-3_5-mini-instruct,standard,100,205,C1_Fracture,85,14,7394,10,0.8762886597938144,0.8585858585858586,0.8947368421052632
phi-3_5-mini-instruct,standard,100,205,C2_Fracture,145,12,7305,41,0.8454810495626822,0.9235668789808917,0.7795698924731183
phi-3_5-mini-instruct,standard,100,205,C3_Fracture,53,4,7428,18,0.828125,0.9298245614035088,0.7464788732394366
phi-3_5-mini-instruct,standard,100,205,C4_Fracture,64,2,7417,20,0.8533333333333334,0.9696969696969697,0.7619047619047619
phi-3_5-mini-instruct,standard,100,205,C5_Fracture,95,4,7365,39,0.8154506437768241,0.9595959595959596,0.7089552238805971
phi-3_5-mini-instruct,standard,100,205,C6_Fracture,138,3,7338,24,0.9108910891089109,0.9787234042553191,0.8518518518518519
phi-3_5-mini-instruct,standard,100,205,C7_Fracture,183,6,7280,34,0.9014778325123153,0.9682539682539683,0.8433179723502304
phi-3_5-mini-instruct,standard,100,205,Any_Fracture,574,27,6810,92,0.9060773480662984,0.9550748752079867,0.8618618618618619
phi-3_5-mini-instruct,standard,100,209,Occ_Condyle_Fracture,107,42,7341,11,0.7955390334572491,0.7086092715231788,0.9067796610169492
phi-3_5-mini-instruct,standard,100,209,C1_Fracture,88,19,7389,7,0.8712871287128713,0.822429907,0.9263157894736842
phi-3_5-mini-instruct,standard,100,209,C2_Fracture,155,18,7299,31,0.8635097493036211,0.8959537572254336,0.8333333333333334
phi-3_5-mini-instruct,standard,100,209,C3_Fracture,54,6,7426,17,0.8244274809160306,0.9,0.7605633802816901
phi-3_5-mini-instruct,standard,100,209,C4_Fracture,67,3,7416,17,0.8701298701298701,0.9571428571428572,0.7976190476190477
phi-3_5-mini-instruct,standard,100,209,C5_Fracture,104,8,7361,30,0.8455284552845529,0.9285714285714286,0.7761194029850746
phi-3_5-mini-instruct,standard,100,209,C6_Fracture,144,8,7333,18,0.9171974522292994,0.9473684210526315,0.8888888888888888
phi-3_5-mini-instruct,standard,100,209,C7_Fracture,188,8,7278,29,0.910411622,0.9591836734693877,0.8663594470046083
phi-3_5-mini-instruct,standard,100,209,Any_Fracture,596,48,6789,70,0.9099236641221374,0.9254658385093167,0.8948948948948949
phi-3_5-mini-instruct,standard,100,42,Occ_Condyle_Fracture,107,40,7345,11,0.8075471698113208,0.7278911564625851,0.9067796610169492
phi-3_5-mini-instruct,standard,100,42,C1_Fracture,88,18,7390,7,0.8756218905472637,0.8301886792452831,0.9263157894736842
phi-3_5-mini-instruct,standard,100,42,C2_Fracture,147,15,7302,39,0.8448275862068966,0.9074074074074074,0.7903225806451613
phi-3_5-mini-instruct,standard,100,42,C3_Fracture,55,6,7426,16,0.8333333333333334,0.9016393442622951,0.7746478873239436
phi-3_5-mini-instruct,standard,100,42,C4_Fracture,67,3,7416,17,0.8701298701298701,0.9571428571428572,0.7976190476190477
phi-3_5-mini-instruct,standard,100,42,C5_Fracture,104,8,7361,30,0.8455284552845529,0.9285714285714286,0.7761194029850746
phi-3_5-mini-instruct,standard,100,42,C6_Fracture,147,8,7333,15,0.9274447949526814,0.9483870967741935,0.9074074074074074
phi-3_5-mini-instruct,standard,100,42,C7_Fracture,190,8,7278,27,0.9156626506024096,0.9595959595959596,0.8755760368663594
phi-3_5-mini-instruct,standard,100,42,Any_Fracture,597,46,6791,69,0.9121466768525592,0.9284603421461898,0.8963963963963963
phi-3_5-mini-instruct,standard,100,58,Occ_Condyle_Fracture,107,41,7344,11,0.8045112781954887,0.722972973,0.9067796610169492
phi-3_5-mini-instruct,standard,100,58,C1_Fracture,88,18,7390,7,0.8756218905472637,0.8301886792452831,0.9263157894736842
phi-3_5-mini-instruct,standard,100,58,C2_Fracture,155,17,7300,31,0.8659217877094972,0.9011627906976745,0.8333333333333334
phi-3_5-mini-instruct,standard,100,58,C3_Fracture,55,5,7427,16,0.8396946564885496,0.9166666666666666,0.7746478873239436
phi-3_5-mini-instruct,standard,100,58,C4_Fracture,65,3,7416,19,0.8552631578947368,0.9558823529411765,0.7738095238095238
phi-3_5-mini-instruct,standard,100,58,C5_Fracture,103,8,7361,31,0.8408163265306122,0.9279279279279279,0.7686567164179104
phi-3_5-mini-instruct,standard,100,58,C6_Fracture,144,7,7334,18,0.9201277955271565,0.9536423841059603,0.8888888888888888
phi-3_5-mini-instruct,standard,100,58,C7_Fracture,190,7,7279,27,0.9178743961352657,0.9644670050761421,0.8755760368663594
phi-3_5-mini-instruct,standard,100,58,Any_Fracture,598,42,6793,68,0.9143730886850153,0.9314641744548287,0.8978978978978979
phi-3_5-mini-instruct,standard,1064,1018,Occ_Condyle_Fracture,90,9,7376,28,0.8294930875576036,0.9090909090909091,0.7627118644067796
phi-3_5-mini-instruct,standard,1064,1018,C1_Fracture,86,16,7392,9,0.8730964467005076,0.8431372549019608,0.9052631578947369
phi-3_5-mini-instruct,standard,1064,1018,C2_Fracture,174,14,7303,12,0.930481283,0.925531915,0.9354838709677419
phi-3_5-mini-instruct,standard,1064,1018,C3_Fracture,54,3,7429,17,0.84375,0.9473684210526315,0.7605633802816901
phi-3_5-mini-instruct,standard,1064,1018,C4_Fracture,65,4,7415,19,0.8496732026143791,0.9420289855072463,0.7738095238095238
phi-3_5-mini-instruct,standard,1064,1018,C5_Fracture,106,9,7360,28,0.8514056224899599,0.9217391304347826,0.7910447761194029
phi-3_5-mini-instruct,standard,1064,1018,C6_Fracture,146,5,7336,16,0.9329073482428115,0.9668874172185431,0.9012345679012346
phi-3_5-mini-instruct,standard,1064,1018,C7_Fracture,189,8,7278,28,0.9130434782608695,0.9593908629441624,0.8709677419354839
phi-3_5-mini-instruct,standard,1064,1018,Any_Fracture,594,26,6811,72,0.9237947122861586,0.9580645161290322,0.8918918918918919
phi-3_5-mini-instruct,standard,1064,205,Occ_Condyle_Fracture,87,8,7377,31,0.8169014084507042,0.9157894736842105,0.7372881355932204
phi-3_5-mini-instruct,standard,1064,205,C1_Fracture,86,13,7395,9,0.8865979381443299,0.8686868686868687,0.9052631578947369
phi-3_5-mini-instruct,standard,1064,205,C2_Fracture,170,11,7306,16,0.9264305177111717,0.9392265193370166,0.9139784946236559
phi-3_5-mini-instruct,standard,1064,205,C3_Fracture,55,3,7429,16,0.8527131782945736,0.9482758620689655,0.7746478873239436
phi-3_5-mini-instruct,standard,1064,205,C4_Fracture,66,3,7416,18,0.8627450980392157,0.9565217391304348,0.7857142857142857
phi-3_5-mini-instruct,standard,1064,205,C5_Fracture,108,7,7362,26,0.8674698795180723,0.9391304347826087,0.8059701492537313
phi-3_5-mini-instruct,standard,1064,205,C6_Fracture,147,2,7339,15,0.9453376205787781,0.9865771812080537,0.9074074074074074
phi-3_5-mini-instruct,standard,1064,205,C7_Fracture,193,9,7277,24,0.9212410501193318,0.9554455445544554,0.8894009216589862
phi-3_5-mini-instruct,standard,1064,205,Any_Fracture,592,24,6813,74,0.9235569422776911,0.961038961,0.8888888888888888
phi-3_5-mini-instruct,standard,1064,209,Occ_Condyle_Fracture,100,6,7379,18,0.8928571428571429,0.9433962264150944,0.847457627
phi-3_5-mini-instruct,standard,1064,209,C1_Fracture,86,13,7395,9,0.8865979381443299,0.8686868686868687,0.9052631578947369
phi-3_5-mini-instruct,standard,1064,209,C2_Fracture,173,11,7306,13,0.9351351351351351,0.9402173913043478,0.9301075268817204
phi-3_5-mini-instruct,standard,1064,209,C3_Fracture,55,4,7428,16,0.8461538461538461,0.9322033898305084,0.7746478873239436
phi-3_5-mini-instruct,standard,1064,209,C4_Fracture,66,3,7416,18,0.8627450980392157,0.9565217391304348,0.7857142857142857
phi-3_5-mini-instruct,standard,1064,209,C5_Fracture,106,10,7359,28,0.848,0.9137931034482759,0.7910447761194029
phi-3_5-mini-instruct,standard,1064,209,C6_Fracture,135,5,7336,27,0.8940397350993378,0.9642857142857143,0.8333333333333334
phi-3_5-mini-instruct,standard,1064,209,C7_Fracture,183,5,7281,34,0.9037037037037037,0.973404255,0.8433179723502304
phi-3_5-mini-instruct,standard,1064,209,Any_Fracture,588,27,6810,78,0.9180327868852459,0.9560975609756097,0.8828828828828829
phi-3_5-mini-instruct,standard,1064,42,Occ_Condyle_Fracture,90,3,7382,28,0.8530805687203792,0.967741935,0.7627118644067796
phi-3_5-mini-instruct,standard,1064,42,C1_Fracture,86,11,7397,9,0.8958333333333334,0.8865979381443299,0.9052631578947369
phi-3_5-mini-instruct,standard,1064,42,C2_Fracture,172,13,7304,14,0.9272237196765498,0.9297297297297298,0.9247311827956989
phi-3_5-mini-instruct,standard,1064,42,C3_Fracture,53,1,7431,18,0.848,0.9814814814814815,0.7464788732394366
phi-3_5-mini-instruct,standard,1064,42,C4_Fracture,59,1,7418,25,0.8194444444444444,0.9833333333333333,0.7023809523809523
phi-3_5-mini-instruct,standard,1064,42,C5_Fracture,98,5,7364,36,0.8270042194092827,0.9514563106796117,0.7313432835820896
phi-3_5-mini-instruct,standard,1064,42,C6_Fracture,129,3,7338,33,0.8775510204081632,0.9772727272727273,0.7962962962962963
phi-3_5-mini-instruct,standard,1064,42,C7_Fracture,181,6,7280,36,0.8960396039603961,0.9679144385026738,0.8341013824884793
phi-3_5-mini-instruct,standard,1064,42,Any_Fracture,579,23,6814,87,0.9132492113564669,0.9617940199335548,0.8693693693693694
phi-3_5-mini-instruct,standard,1064,58,Occ_Condyle_Fracture,89,9,7376,29,0.8240740740740741,0.9081632653061225,0.7542372881355932
phi-3_5-mini-instruct,standard,1064,58,C1_Fracture,86,14,7394,9,0.882051282,0.86,0.9052631578947369
phi-3_5-mini-instruct,standard,1064,58,C2_Fracture,161,12,7305,25,0.8969359331476323,0.930635838,0.8655913978494624
phi-3_5-mini-instruct,standard,1064,58,C3_Fracture,54,3,7429,17,0.84375,0.9473684210526315,0.7605633802816901
phi-3_5-mini-instruct,standard,1064,58,C4_Fracture,64,4,7415,20,0.8421052631578947,0.9411764705882353,0.7619047619047619
phi-3_5-mini-instruct,standard,1064,58,C5_Fracture,105,10,7359,29,0.8433734939759037,0.9130434782608695,0.7835820895522388
phi-3_5-mini-instruct,standard,1064,58,C6_Fracture,138,3,7338,24,0.9108910891089109,0.9787234042553191,0.8518518518518519
phi-3_5-mini-instruct,standard,1064,58,C7_Fracture,185,5,7281,32,0.9090909090909091,0.9736842105263158,0.8525345622119815
phi-3_5-mini-instruct,standard,1064,58,Any_Fracture,577,25,6812,89,0.9100946372239748,0.9584717607973422,0.8663663663663663
phi-3_5-mini-instruct,standard,20,1018,Occ_Condyle_Fracture,109,52,7333,9,0.7813620071684588,0.6770186335403726,0.923728814
phi-3_5-mini-instruct,standard,20,1018,C1_Fracture,85,15,7393,10,0.8717948717948718,0.85,0.8947368421052632
phi-3_5-mini-instruct,standard,20,1018,C2_Fracture,146,12,7305,40,0.8488372093023255,0.9240506329113924,0.7849462365591398
phi-3_5-mini-instruct,standard,20,1018,C3_Fracture,52,3,7429,19,0.8253968253968254,0.9454545454545454,0.7323943661971831
phi-3_5-mini-instruct,standard,20,1018,C4_Fracture,61,2,7417,23,0.8299319727891157,0.9682539682539683,0.7261904761904762
phi-3_5-mini-instruct,standard,20,1018,C5_Fracture,96,4,7365,38,0.8205128205128205,0.96,0.7164179104477612
phi-3_5-mini-instruct,standard,20,1018,C6_Fracture,133,4,7337,29,0.8896321070234113,0.9708029197080292,0.8209876543209876
phi-3_5-mini-instruct,standard,20,1018,C7_Fracture,179,6,7280,38,0.8905472636815921,0.9675675675675676,0.8248847926267281
phi-3_5-mini-instruct,standard,20,1018,Any_Fracture,578,40,6797,88,0.9003115264797508,0.9352750809061489,0.8678678678678678
phi-3_5-mini-instruct,standard,20,205,Occ_Condyle_Fracture,110,47,7338,8,0.8,0.7006369426751592,0.9322033898305084
phi-3_5-mini-instruct,standard,20,205,C1_Fracture,88,14,7394,7,0.8934010152284264,0.8627450980392157,0.9263157894736842
phi-3_5-mini-instruct,standard,20,205,C2_Fracture,148,14,7303,38,0.8505747126436781,0.9135802469135802,0.7956989247311828
phi-3_5-mini-instruct,standard,20,205,C3_Fracture,55,5,7427,16,0.8396946564885496,0.9166666666666666,0.7746478873239436
phi-3_5-mini-instruct,standard,20,205,C4_Fracture,63,2,7417,21,0.8456375838926175,0.9692307692307692,0.75
phi-3_5-mini-instruct,standard,20,205,C5_Fracture,103,7,7362,31,0.8442622950819673,0.9363636363636364,0.7686567164179104
phi-3_5-mini-instruct,standard,20,205,C6_Fracture,141,5,7336,21,0.9155844155844156,0.9657534246575342,0.8703703703703703
phi-3_5-mini-instruct,standard,20,205,C7_Fracture,185,9,7277,32,0.9002433090024331,0.9536082474226805,0.8525345622119815
phi-3_5-mini-instruct,standard,20,205,Any_Fracture,595,48,6789,71,0.9090909090909091,0.9253499222395023,0.8933933933933934
phi-3_5-mini-instruct,standard,20,209,Occ_Condyle_Fracture,111,60,7325,7,0.7681660899653979,0.6491228070175439,0.940677966
phi-3_5-mini-instruct,standard,20,209,C1_Fracture,89,24,7384,6,0.8557692307692307,0.7876106194690266,0.9368421052631579
phi-3_5-mini-instruct,standard,20,209,C2_Fracture,174,25,7292,12,0.9038961038961039,0.8743718592964824,0.9354838709677419
phi-3_5-mini-instruct,standard,20,209,C3_Fracture,58,12,7420,13,0.8226950354609929,0.8285714285714286,0.8169014084507042
phi-3_5-mini-instruct,standard,20,209,C4_Fracture,70,5,7414,14,0.8805031446540881,0.9333333333333333,0.8333333333333334
phi-3_5-mini-instruct,standard,20,209,C5_Fracture,113,11,7358,21,0.875968992,0.9112903225806451,0.8432835820895522
phi-3_5-mini-instruct,standard,20,209,C6_Fracture,148,7,7334,14,0.9337539432176656,0.9548387096774194,0.9135802469135802
phi-3_5-mini-instruct,standard,20,209,C7_Fracture,189,11,7275,28,0.9064748201438849,0.945,0.8709677419354839
phi-3_5-mini-instruct,standard,20,209,Any_Fracture,622,73,6764,42,0.914033799,0.8949640287769784,0.933933934
phi-3_5-mini-instruct,standard,20,42,Occ_Condyle_Fracture,109,49,7336,9,0.7898550724637681,0.689873418,0.923728814
phi-3_5-mini-instruct,standard,20,42,C1_Fracture,88,15,7393,7,0.8888888888888888,0.8543689320388349,0.9263157894736842
phi-3_5-mini-instruct,standard,20,42,C2_Fracture,149,13,7304,37,0.8563218390804598,0.9197530864197531,0.8010752688172043
phi-3_5-mini-instruct,standard,20,42,C3_Fracture,55,4,7428,16,0.8461538461538461,0.9322033898305084,0.7746478873239436
phi-3_5-mini-instruct,standard,20,42,C4_Fracture,64,2,7417,20,0.8533333333333334,0.9696969696969697,0.7619047619047619
phi-3_5-mini-instruct,standard,20,42,C5_Fracture,103,7,7362,31,0.8442622950819673,0.9363636363636364,0.7686567164179104
phi-3_5-mini-instruct,standard,20,42,C6_Fracture,138,7,7334,24,0.8990228013029316,0.9517241379310345,0.8518518518518519
phi-3_5-mini-instruct,standard,20,42,C7_Fracture,185,10,7276,32,0.8980582524271845,0.9487179487179487,0.8525345622119815
phi-3_5-mini-instruct,standard,20,42,Any_Fracture,592,50,6787,74,0.9051987767584098,0.9221183800623053,0.8888888888888888
phi-3_5-mini-instruct,standard,20,58,Occ_Condyle_Fracture,106,38,7347,12,0.8091603053435115,0.7361111111111112,0.8983050847457628
phi-3_5-mini-instruct,standard,20,58,C1_Fracture,88,18,7390,7,0.8756218905472637,0.8301886792452831,0.9263157894736842
phi-3_5-mini-instruct,standard,20,58,C2_Fracture,156,15,7302,30,0.8739495798319328,0.9122807017543859,0.8387096774193549
phi-3_5-mini-instruct,standard,20,58,C3_Fracture,54,6,7426,17,0.8244274809160306,0.9,0.7605633802816901
phi-3_5-mini-instruct,standard,20,58,C4_Fracture,66,3,7416,18,0.8627450980392157,0.9565217391304348,0.7857142857142857
phi-3_5-mini-instruct,standard,20,58,C5_Fracture,102,8,7361,32,0.8360655737704918,0.9272727272727272,0.7611940298507462
phi-3_5-mini-instruct,standard,20,58,C6_Fracture,145,7,7334,17,0.9235668789808917,0.9539473684210527,0.8950617283950617
phi-3_5-mini-instruct,standard,20,58,C7_Fracture,188,7,7279,29,0.912621359,0.9641025641025641,0.8663594470046083
phi-3_5-mini-instruct,standard,20,58,Any_Fracture,595,43,6794,71,0.9125766871165644,0.932601881,0.8933933933933934
phi-3_5-mini-instruct,standard,500,1018,Occ_Condyle_Fracture,101,14,7371,17,0.8669527896995708,0.8782608695652174,0.8559322033898306
phi-3_5-mini-instruct,standard,500,1018,C1_Fracture,85,12,7396,10,0.8854166666666666,0.8762886597938144,0.8947368421052632
phi-3_5-mini-instruct,standard,500,1018,C2_Fracture,145,9,7308,41,0.8529411764705882,0.9415584415584416,0.7795698924731183
phi-3_5-mini-instruct,standard,500,1018,C3_Fracture,54,3,7429,17,0.84375,0.9473684210526315,0.7605633802816901
phi-3_5-mini-instruct,standard,500,1018,C4_Fracture,65,3,7416,19,0.8552631578947368,0.9558823529411765,0.7738095238095238
phi-3_5-mini-instruct,standard,500,1018,C5_Fracture,105,6,7363,29,0.8571428571428571,0.9459459459459459,0.7835820895522388
phi-3_5-mini-instruct,standard,500,1018,C6_Fracture,143,4,7337,19,0.9255663430420712,0.9727891156462585,0.8827160493827161
phi-3_5-mini-instruct,standard,500,1018,C7_Fracture,185,5,7281,32,0.9090909090909091,0.9736842105263158,0.8525345622119815
phi-3_5-mini-instruct,standard,500,1018,Any_Fracture,584,27,6810,82,0.9146436961628818,0.955810147,0.8768768768768769
phi-3_5-mini-instruct,standard,500,205,Occ_Condyle_Fracture,102,19,7366,16,0.8535564853556485,0.8429752066115702,0.86440678
phi-3_5-mini-instruct,standard,500,205,C1_Fracture,85,12,7396,10,0.8854166666666666,0.8762886597938144,0.8947368421052632
phi-3_5-mini-instruct,standard,500,205,C2_Fracture,144,10,7307,42,0.8470588235294118,0.935064935,0.7741935483870968
phi-3_5-mini-instruct,standard,500,205,C3_Fracture,54,4,7428,17,0.8372093023255814,0.9310344827586207,0.7605633802816901
phi-3_5-mini-instruct,standard,500,205,C4_Fracture,64,3,7416,20,0.847682119,0.9552238805970149,0.7619047619047619
phi-3_5-mini-instruct,standard,500,205,C5_Fracture,102,8,7361,32,0.8360655737704918,0.9272727272727272,0.7611940298507462
phi-3_5-mini-instruct,standard,500,205,C6_Fracture,143,7,7334,19,0.9166666666666666,0.9533333333333334,0.8827160493827161
phi-3_5-mini-instruct,standard,500,205,C7_Fracture,186,5,7281,31,0.9117647058823529,0.9738219895287958,0.8571428571428571
phi-3_5-mini-instruct,standard,500,205,Any_Fracture,585,32,6805,81,0.911925175,0.9481361426256077,0.8783783783783784
phi-3_5-mini-instruct,standard,500,209,Occ_Condyle_Fracture,104,33,7352,14,0.8156862745098039,0.7591240875912408,0.8813559322033898
phi-3_5-mini-instruct,standard,500,209,C1_Fracture,85,13,7395,10,0.8808290155440415,0.8673469387755102,0.8947368421052632
phi-3_5-mini-instruct,standard,500,209,C2_Fracture,156,12,7305,30,0.8813559322033898,0.9285714285714286,0.8387096774193549
phi-3_5-mini-instruct,standard,500,209,C3_Fracture,54,5,7427,17,0.8307692307692308,0.9152542372881356,0.7605633802816901
phi-3_5-mini-instruct,standard,500,209,C4_Fracture,64,4,7415,20,0.8421052631578947,0.9411764705882353,0.7619047619047619
phi-3_5-mini-instruct,standard,500,209,C5_Fracture,103,9,7360,31,0.8373983739837398,0.9196428571428571,0.7686567164179104
phi-3_5-mini-instruct,standard,500,209,C6_Fracture,141,6,7335,21,0.912621359,0.9591836734693877,0.8703703703703703
phi-3_5-mini-instruct,standard,500,209,C7_Fracture,178,3,7283,39,0.8944723618090452,0.9834254143646409,0.8202764976958525
phi-3_5-mini-instruct,standard,500,209,Any_Fracture,580,37,6800,86,0.9041309431021044,0.940032415,0.8708708708708709
phi-3_5-mini-instruct,standard,500,42,Occ_Condyle_Fracture,103,20,7365,15,0.8547717842323651,0.8373983739837398,0.8728813559322034
phi-3_5-mini-instruct,standard,500,42,C1_Fracture,86,14,7394,9,0.882051282,0.86,0.9052631578947369
phi-3_5-mini-instruct,standard,500,42,C2_Fracture,148,13,7304,38,0.8530259365994236,0.9192546583850931,0.7956989247311828
phi-3_5-mini-instruct,standard,500,42,C3_Fracture,54,5,7427,17,0.8307692307692308,0.9152542372881356,0.7605633802816901
phi-3_5-mini-instruct,standard,500,42,C4_Fracture,63,0,7419,21,0.8571428571428571,1,0.75
phi-3_5-mini-instruct,standard,500,42,C5_Fracture,100,5,7364,34,0.8368200836820083,0.9523809523809523,0.746268657
phi-3_5-mini-instruct,standard,500,42,C6_Fracture,140,3,7338,22,0.9180327868852459,0.9790209790209791,0.8641975308641975
phi-3_5-mini-instruct,standard,500,42,C7_Fracture,183,5,7281,34,0.9037037037037037,0.973404255,0.8433179723502304
phi-3_5-mini-instruct,standard,500,42,Any_Fracture,582,32,6805,84,0.909375,0.9478827361563518,0.8738738738738738
phi-3_5-mini-instruct,standard,500,58,Occ_Condyle_Fracture,104,26,7359,14,0.8387096774193549,0.8,0.8813559322033898
phi-3_5-mini-instruct,standard,500,58,C1_Fracture,87,14,7394,8,0.8877551020408163,0.8613861386138614,0.9157894736842105
phi-3_5-mini-instruct,standard,500,58,C2_Fracture,155,15,7302,31,0.8707865168539326,0.9117647058823529,0.8333333333333334
phi-3_5-mini-instruct,standard,500,58,C3_Fracture,54,5,7427,17,0.8307692307692308,0.9152542372881356,0.7605633802816901
phi-3_5-mini-instruct,standard,500,58,C4_Fracture,63,2,7417,21,0.8456375838926175,0.9692307692307692,0.75
phi-3_5-mini-instruct,standard,500,58,C5_Fracture,101,7,7362,33,0.8347107438016529,0.9351851851851852,0.753731343
phi-3_5-mini-instruct,standard,500,58,C6_Fracture,143,5,7336,19,0.9225806451612903,0.9662162162162162,0.8827160493827161
phi-3_5-mini-instruct,standard,500,58,C7_Fracture,189,7,7279,28,0.9152542372881356,0.9642857142857143,0.8709677419354839
phi-3_5-mini-instruct,standard,500,58,Any_Fracture,594,41,6796,72,0.9131437355880092,0.9354330708661417,0.8918918918918919
phi-3_5-mini-instruct,standard,800,1018,Occ_Condyle_Fracture,106,35,7350,12,0.8185328185328186,0.75177305,0.8983050847457628
phi-3_5-mini-instruct,standard,800,1018,C1_Fracture,88,18,7390,7,0.8756218905472637,0.8301886792452831,0.9263157894736842
phi-3_5-mini-instruct,standard,800,1018,C2_Fracture,155,16,7301,31,0.8683473389355743,0.9064327485380117,0.8333333333333334
phi-3_5-mini-instruct,standard,800,1018,C3_Fracture,55,6,7426,16,0.8333333333333334,0.9016393442622951,0.7746478873239436
phi-3_5-mini-instruct,standard,800,1018,C4_Fracture,67,3,7416,17,0.8701298701298701,0.9571428571428572,0.7976190476190477
phi-3_5-mini-instruct,standard,800,1018,C5_Fracture,107,9,7360,27,0.856,0.9224137931034483,0.7985074626865671
phi-3_5-mini-instruct,standard,800,1018,C6_Fracture,150,8,7333,12,0.9375,0.9493670886075949,0.9259259259259259
phi-3_5-mini-instruct,standard,800,1018,C7_Fracture,192,8,7278,25,0.920863309,0.96,0.8847926267281107
phi-3_5-mini-instruct,standard,800,1018,Any_Fracture,602,45,6792,64,0.916984006,0.9304482225656878,0.9039039039039038
phi-3_5-mini-instruct,standard,800,205,Occ_Condyle_Fracture,106,36,7349,12,0.8153846153846154,0.7464788732394366,0.8983050847457628
phi-3_5-mini-instruct,standard,800,205,C1_Fracture,88,17,7391,7,0.88,0.8380952380952381,0.9263157894736842
phi-3_5-mini-instruct,standard,800,205,C2_Fracture,155,16,7301,31,0.8683473389355743,0.9064327485380117,0.8333333333333334
phi-3_5-mini-instruct,standard,800,205,C3_Fracture,54,5,7427,17,0.8307692307692308,0.9152542372881356,0.7605633802816901
phi-3_5-mini-instruct,standard,800,205,C4_Fracture,65,3,7416,19,0.8552631578947368,0.9558823529411765,0.7738095238095238
phi-3_5-mini-instruct,standard,800,205,C5_Fracture,103,8,7361,31,0.8408163265306122,0.9279279279279279,0.7686567164179104
phi-3_5-mini-instruct,standard,800,205,C6_Fracture,144,7,7334,18,0.9201277955271565,0.9536423841059603,0.8888888888888888
phi-3_5-mini-instruct,standard,800,205,C7_Fracture,188,7,7279,29,0.912621359,0.9641025641025641,0.8663594470046083
phi-3_5-mini-instruct,standard,800,205,Any_Fracture,595,43,6794,71,0.9125766871165644,0.932601881,0.8933933933933934
phi-3_5-mini-instruct,standard,800,209,Occ_Condyle_Fracture,90,16,7369,28,0.8035714285714286,0.8490566037735849,0.7627118644067796
phi-3_5-mini-instruct,standard,800,209,C1_Fracture,86,14,7394,9,0.882051282,0.86,0.9052631578947369
phi-3_5-mini-instruct,standard,800,209,C2_Fracture,172,12,7305,14,0.9297297297297298,0.9347826086956522,0.9247311827956989
phi-3_5-mini-instruct,standard,800,209,C3_Fracture,54,3,7429,17,0.84375,0.9473684210526315,0.7605633802816901
phi-3_5-mini-instruct,standard,800,209,C4_Fracture,63,3,7416,21,0.84,0.9545454545454546,0.75
phi-3_5-mini-instruct,standard,800,209,C5_Fracture,106,10,7359,28,0.848,0.9137931034482759,0.7910447761194029
phi-3_5-mini-instruct,standard,800,209,C6_Fracture,142,4,7337,20,0.922077922,0.9726027397260274,0.8765432098765432
phi-3_5-mini-instruct,standard,800,209,C7_Fracture,186,5,7281,31,0.9117647058823529,0.9738219895287958,0.8571428571428571
phi-3_5-mini-instruct,standard,800,209,Any_Fracture,589,25,6812,77,0.9203125,0.9592833876221498,0.8843843843843844
phi-3_5-mini-instruct,standard,800,42,Occ_Condyle_Fracture,101,13,7372,17,0.8706896551724138,0.8859649122807017,0.8559322033898306
phi-3_5-mini-instruct,standard,800,42,C1_Fracture,86,12,7396,9,0.8911917098445595,0.8775510204081632,0.9052631578947369
phi-3_5-mini-instruct,standard,800,42,C2_Fracture,166,11,7306,20,0.9146005509641874,0.9378531073446328,0.8924731182795699
phi-3_5-mini-instruct,standard,800,42,C3_Fracture,54,2,7430,17,0.8503937007874016,0.9642857142857143,0.7605633802816901
phi-3_5-mini-instruct,standard,800,42,C4_Fracture,60,1,7418,24,0.8275862068965517,0.9836065573770492,0.7142857142857143
phi-3_5-mini-instruct,standard,800,42,C5_Fracture,101,5,7364,33,0.8416666666666667,0.9528301886792453,0.753731343
phi-3_5-mini-instruct,standard,800,42,C6_Fracture,138,3,7338,24,0.9108910891089109,0.9787234042553191,0.8518518518518519
phi-3_5-mini-instruct,standard,800,42,C7_Fracture,185,4,7282,32,0.9113300492610837,0.9788359788359788,0.8525345622119815
phi-3_5-mini-instruct,standard,800,42,Any_Fracture,591,26,6811,75,0.921278254,0.9578606158833063,0.8873873873873874
phi-3_5-mini-instruct,standard,800,58,Occ_Condyle_Fracture,106,33,7352,12,0.8249027237354085,0.762589928,0.8983050847457628
phi-3_5-mini-instruct,standard,800,58,C1_Fracture,88,15,7393,7,0.8888888888888888,0.8543689320388349,0.9263157894736842
phi-3_5-mini-instruct,standard,800,58,C2_Fracture,150,16,7301,36,0.8522727272727273,0.9036144578313253,0.8064516129032258
phi-3_5-mini-instruct,standard,800,58,C3_Fracture,54,5,7427,17,0.8307692307692308,0.9152542372881356,0.7605633802816901
phi-3_5-mini-instruct,standard,800,58,C4_Fracture,65,2,7417,19,0.8609271523178808,0.9701492537313433,0.7738095238095238
phi-3_5-mini-instruct,standard,800,58,C5_Fracture,101,7,7362,33,0.8347107438016529,0.9351851851851852,0.753731343
phi-3_5-mini-instruct,standard,800,58,C6_Fracture,141,5,7336,21,0.9155844155844156,0.9657534246575342,0.8703703703703703
phi-3_5-mini-instruct,standard,800,58,C7_Fracture,188,7,7279,29,0.912621359,0.9641025641025641,0.8663594470046083
phi-3_5-mini-instruct,standard,800,58,Any_Fracture,592,40,6797,74,0.9121725731895224,0.9367088607594937,0.8888888888888888
Llama_3_2-3B-Instruct,impression_regularized,100,1018,Occ_Condyle_Fracture,90,28,7357,28,0.7627118644067796,0.7627118644067796,0.7627118644067796
Llama_3_2-3B-Instruct,impression_regularized,100,1018,C1_Fracture,79,4,7404,16,0.8876404494382022,0.9518072289156626,0.8315789473684211
Llama_3_2-3B-Instruct,impression_regularized,100,1018,C2_Fracture,145,9,7308,41,0.8529411764705882,0.9415584415584416,0.7795698924731183
Llama_3_2-3B-Instruct,impression_regularized,100,1018,C3_Fracture,57,7,7425,14,0.8444444444444444,0.890625,0.8028169014084507
Llama_3_2-3B-Instruct,impression_regularized,100,1018,C4_Fracture,68,7,7412,16,0.8553459119496856,0.9066666666666666,0.8095238095238095
Llama_3_2-3B-Instruct,impression_regularized,100,1018,C5_Fracture,97,6,7363,37,0.8185654008438819,0.941747573,0.7238805970149254
Llama_3_2-3B-Instruct,impression_regularized,100,1018,C6_Fracture,128,2,7339,34,0.8767123287671232,0.9846153846153847,0.7901234567901234
Llama_3_2-3B-Instruct,impression_regularized,100,1018,C7_Fracture,175,13,7273,42,0.8641975308641975,0.9308510638297872,0.8064516129032258
Llama_3_2-3B-Instruct,impression_regularized,100,1018,Any_Fracture,551,30,6807,115,0.8837209302325582,0.9483648881239243,0.8273273273273273
Llama_3_2-3B-Instruct,impression_regularized,100,205,Occ_Condyle_Fracture,53,4,7381,65,0.6057142857142858,0.9298245614035088,0.4491525423728814
Llama_3_2-3B-Instruct,impression_regularized,100,205,C1_Fracture,78,2,7406,17,0.8914285714285715,0.975,0.8210526315789474
Llama_3_2-3B-Instruct,impression_regularized,100,205,C2_Fracture,157,11,7306,29,0.8870056497175142,0.9345238095238095,0.8440860215053764
Llama_3_2-3B-Instruct,impression_regularized,100,205,C3_Fracture,61,10,7422,10,0.8591549295774648,0.8591549295774648,0.8591549295774648
Llama_3_2-3B-Instruct,impression_regularized,100,205,C4_Fracture,68,11,7408,16,0.8343558282208589,0.8607594936708861,0.8095238095238095
Llama_3_2-3B-Instruct,impression_regularized,100,205,C5_Fracture,106,12,7357,28,0.8412698412698413,0.8983050847457628,0.7910447761194029
Llama_3_2-3B-Instruct,impression_regularized,100,205,C6_Fracture,134,7,7334,28,0.8844884488448845,0.95035461,0.8271604938271605
Llama_3_2-3B-Instruct,impression_regularized,100,205,C7_Fracture,179,13,7273,38,0.8753056234718827,0.9322916666666666,0.8248847926267281
Llama_3_2-3B-Instruct,impression_regularized,100,205,Any_Fracture,558,34,6803,108,0.8871224165341812,0.9425675675675675,0.8378378378378378
Llama_3_2-3B-Instruct,impression_regularized,100,209,Occ_Condyle_Fracture,85,21,7364,33,0.7589285714285714,0.8018867924528302,0.7203389830508474
Llama_3_2-3B-Instruct,impression_regularized,100,209,C1_Fracture,77,2,7406,18,0.8850574712643678,0.9746835443037974,0.8105263157894737
Llama_3_2-3B-Instruct,impression_regularized,100,209,C2_Fracture,146,5,7312,40,0.8664688427299704,0.9668874172185431,0.7849462365591398
Llama_3_2-3B-Instruct,impression_regularized,100,209,C3_Fracture,59,8,7424,12,0.855072464,0.8805970149253731,0.8309859154929577
Llama_3_2-3B-Instruct,impression_regularized,100,209,C4_Fracture,69,5,7414,15,0.8734177215189873,0.9324324324324325,0.8214285714285714
Llama_3_2-3B-Instruct,impression_regularized,100,209,C5_Fracture,101,7,7362,33,0.8347107438016529,0.9351851851851852,0.753731343
Llama_3_2-3B-Instruct,impression_regularized,100,209,C6_Fracture,133,2,7339,29,0.8956228956228957,0.9851851851851852,0.8209876543209876
Llama_3_2-3B-Instruct,impression_regularized,100,209,C7_Fracture,187,14,7272,30,0.8947368421052632,0.9303482587064676,0.8617511520737328
Llama_3_2-3B-Instruct,impression_regularized,100,209,Any_Fracture,569,39,6798,97,0.8932496075353218,0.9358552631578947,0.8543543543543544
Llama_3_2-3B-Instruct,impression_regularized,100,42,Occ_Condyle_Fracture,85,9,7376,33,0.8018867924528302,0.9042553191489362,0.7203389830508474
Llama_3_2-3B-Instruct,impression_regularized,100,42,C1_Fracture,86,6,7402,9,0.9197860962566845,0.9347826086956522,0.9052631578947369
Llama_3_2-3B-Instruct,impression_regularized,100,42,C2_Fracture,169,18,7299,17,0.9061662198391421,0.9037433155080213,0.9086021505376344
Llama_3_2-3B-Instruct,impression_regularized,100,42,C3_Fracture,64,36,7396,7,0.7485380116959064,0.64,0.9014084507042254
Llama_3_2-3B-Instruct,impression_regularized,100,42,C4_Fracture,72,20,7399,12,0.8181818181818182,0.782608696,0.8571428571428571
Llama_3_2-3B-Instruct,impression_regularized,100,42,C5_Fracture,115,33,7336,19,0.8156028368794326,0.777027027,0.8582089552238806
Llama_3_2-3B-Instruct,impression_regularized,100,42,C6_Fracture,142,17,7324,20,0.8847352024922118,0.8930817610062893,0.8765432098765432
Llama_3_2-3B-Instruct,impression_regularized,100,42,C7_Fracture,198,36,7250,19,0.8780487804878049,0.8461538461538461,0.9124423963133641
Llama_3_2-3B-Instruct,impression_regularized,100,42,Any_Fracture,615,102,6735,51,0.8893709327548807,0.8577405857740585,0.9234234234234234
Llama_3_2-3B-Instruct,impression_regularized,100,58,Occ_Condyle_Fracture,82,20,7365,36,0.7454545454545455,0.803921569,0.6949152542372882
Llama_3_2-3B-Instruct,impression_regularized,100,58,C1_Fracture,81,4,7404,14,0.9,0.9529411764705882,0.8526315789473684
Llama_3_2-3B-Instruct,impression_regularized,100,58,C2_Fracture,155,10,7307,31,0.8831908831908832,0.9393939393939394,0.8333333333333334
Llama_3_2-3B-Instruct,impression_regularized,100,58,C3_Fracture,60,17,7415,11,0.8108108108108109,0.7792207792207793,0.8450704225352113
Llama_3_2-3B-Instruct,impression_regularized,100,58,C4_Fracture,69,16,7403,15,0.8165680473372781,0.8117647058823529,0.8214285714285714
Llama_3_2-3B-Instruct,impression_regularized,100,58,C5_Fracture,98,12,7357,36,0.8032786885245902,0.8909090909090909,0.7313432835820896
Llama_3_2-3B-Instruct,impression_regularized,100,58,C6_Fracture,134,8,7333,28,0.881578947,0.9436619718309859,0.8271604938271605
Llama_3_2-3B-Instruct,impression_regularized,100,58,C7_Fracture,183,23,7263,34,0.8652482269503546,0.8883495145631068,0.8433179723502304
Llama_3_2-3B-Instruct,impression_regularized,100,58,Any_Fracture,578,58,6779,88,0.8878648233486943,0.9088050314465409,0.8678678678678678
Llama_3_2-3B-Instruct,impression_regularized,1064,1018,Occ_Condyle_Fracture,100,3,7382,18,0.9049773755656109,0.970873786,0.847457627
Llama_3_2-3B-Instruct,impression_regularized,1064,1018,C1_Fracture,80,2,7406,15,0.903954802,0.975609756,0.8421052631578947
Llama_3_2-3B-Instruct,impression_regularized,1064,1018,C2_Fracture,170,11,7306,16,0.9264305177111717,0.9392265193370166,0.9139784946236559
Llama_3_2-3B-Instruct,impression_regularized,1064,1018,C3_Fracture,62,5,7427,9,0.8985507246376812,0.9253731343283582,0.8732394366197183
Llama_3_2-3B-Instruct,impression_regularized,1064,1018,C4_Fracture,75,5,7414,9,0.9146341463414634,0.9375,0.8928571428571429
Llama_3_2-3B-Instruct,impression_regularized,1064,1018,C5_Fracture,116,11,7358,18,0.8888888888888888,0.9133858267716536,0.8656716417910447
Llama_3_2-3B-Instruct,impression_regularized,1064,1018,C6_Fracture,146,9,7332,16,0.9211356466876972,0.9419354838709677,0.9012345679012346
Llama_3_2-3B-Instruct,impression_regularized,1064,1018,C7_Fracture,185,1,7285,32,0.9181141439205955,0.9946236559139785,0.8525345622119815
Llama_3_2-3B-Instruct,impression_regularized,1064,1018,Any_Fracture,611,28,6809,55,0.9363984674329502,0.9561815336463224,0.9174174174174174
Llama_3_2-3B-Instruct,impression_regularized,1064,205,Occ_Condyle_Fracture,94,1,7384,24,0.8826291079812206,0.9894736842105263,0.7966101694915254
Llama_3_2-3B-Instruct,impression_regularized,1064,205,C1_Fracture,70,2,7406,25,0.8383233532934131,0.9722222222222222,0.7368421052631579
Llama_3_2-3B-Instruct,impression_regularized,1064,205,C2_Fracture,168,10,7307,18,0.9230769230769231,0.9438202247191011,0.9032258064516129
Llama_3_2-3B-Instruct,impression_regularized,1064,205,C3_Fracture,63,6,7426,8,0.9,0.9130434782608695,0.8873239436619719
Llama_3_2-3B-Instruct,impression_regularized,1064,205,C4_Fracture,76,8,7411,8,0.9047619047619048,0.9047619047619048,0.9047619047619048
Llama_3_2-3B-Instruct,impression_regularized,1064,205,C5_Fracture,117,14,7355,17,0.8830188679245283,0.8931297709923665,0.8731343283582089
Llama_3_2-3B-Instruct,impression_regularized,1064,205,C6_Fracture,148,9,7332,14,0.9278996865203761,0.9426751592356688,0.9135802469135802
Llama_3_2-3B-Instruct,impression_regularized,1064,205,C7_Fracture,193,3,7283,24,0.9346246973365617,0.9846938775510204,0.8894009216589862
Llama_3_2-3B-Instruct,impression_regularized,1064,205,Any_Fracture,610,25,6812,58,0.9377401998462721,0.9606299212598425,0.9159159159159159
Llama_3_2-3B-Instruct,impression_regularized,1064,209,Occ_Condyle_Fracture,94,3,7382,24,0.8744186046511628,0.9690721649484536,0.7966101694915254
Llama_3_2-3B-Instruct,impression_regularized,1064,209,C1_Fracture,66,1,7407,29,0.8148148148148148,0.9850746268656716,0.6947368421052632
Llama_3_2-3B-Instruct,impression_regularized,1064,209,C2_Fracture,160,6,7311,26,0.9090909090909091,0.963855422,0.8602150537634409
Llama_3_2-3B-Instruct,impression_regularized,1064,209,C3_Fracture,61,3,7429,10,0.9037037037037037,0.953125,0.8591549295774648
Llama_3_2-3B-Instruct,impression_regularized,1064,209,C4_Fracture,76,6,7413,8,0.9156626506024096,0.926829268,0.9047619047619048
Llama_3_2-3B-Instruct,impression_regularized,1064,209,C5_Fracture,115,8,7361,19,0.8949416342412452,0.9349593495934959,0.8582089552238806
Llama_3_2-3B-Instruct,impression_regularized,1064,209,C6_Fracture,149,4,7337,13,0.946031746,0.9738562091503268,0.9197530864197531
Llama_3_2-3B-Instruct,impression_regularized,1064,209,C7_Fracture,191,1,7285,26,0.9339853300733496,0.9947916666666666,0.880184332
Llama_3_2-3B-Instruct,impression_regularized,1064,209,Any_Fracture,600,18,6819,66,0.9345794392523364,0.970873786,0.9009009009009009
Llama_3_2-3B-Instruct,impression_regularized,1064,42,Occ_Condyle_Fracture,100,3,7382,18,0.9049773755656109,0.970873786,0.847457627
Llama_3_2-3B-Instruct,impression_regularized,1064,42,C1_Fracture,74,2,7406,21,0.8654970760233918,0.9736842105263158,0.7789473684210526
Llama_3_2-3B-Instruct,impression_regularized,1064,42,C2_Fracture,172,10,7307,14,0.9347826086956522,0.945054945,0.9247311827956989
Llama_3_2-3B-Instruct,impression_regularized,1064,42,C3_Fracture,63,6,7426,8,0.9,0.9130434782608695,0.8873239436619719
Llama_3_2-3B-Instruct,impression_regularized,1064,42,C4_Fracture,75,8,7411,9,0.8982035928143712,0.9036144578313253,0.8928571428571429
Llama_3_2-3B-Instruct,impression_regularized,1064,42,C5_Fracture,123,22,7347,11,0.8817204301075269,0.8482758620689655,0.917910448
Llama_3_2-3B-Instruct,impression_regularized,1064,42,C6_Fracture,151,14,7327,11,0.9235474006116208,0.9151515151515152,0.9320987654320988
Llama_3_2-3B-Instruct,impression_regularized,1064,42,C7_Fracture,204,20,7266,13,0.9251700680272109,0.9107142857142857,0.9400921658986175
Llama_3_2-3B-Instruct,impression_regularized,1064,42,Any_Fracture,627,55,6782,39,0.930267062,0.9193548387096774,0.9414414414414415
Llama_3_2-3B-Instruct,impression_regularized,1064,58,Occ_Condyle_Fracture,103,9,7376,15,0.8956521739130435,0.9196428571428571,0.8728813559322034
Llama_3_2-3B-Instruct,impression_regularized,1064,58,C1_Fracture,81,4,7404,14,0.9,0.9529411764705882,0.8526315789473684
Llama_3_2-3B-Instruct,impression_regularized,1064,58,C2_Fracture,173,17,7300,13,0.9202127659574468,0.9105263157894737,0.9301075268817204
Llama_3_2-3B-Instruct,impression_regularized,1064,58,C3_Fracture,65,10,7422,6,0.8904109589041096,0.8666666666666667,0.9154929577464789
Llama_3_2-3B-Instruct,impression_regularized,1064,58,C4_Fracture,74,10,7409,10,0.8809523809523809,0.8809523809523809,0.8809523809523809
Llama_3_2-3B-Instruct,impression_regularized,1064,58,C5_Fracture,121,21,7348,13,0.8768115942028986,0.852112676,0.9029850746268657
Llama_3_2-3B-Instruct,impression_regularized,1064,58,C6_Fracture,145,13,7328,17,0.90625,0.9177215189873418,0.8950617283950617
Llama_3_2-3B-Instruct,impression_regularized,1064,58,C7_Fracture,198,10,7276,19,0.9317647058823529,0.9519230769230769,0.9124423963133641
Llama_3_2-3B-Instruct,impression_regularized,1064,58,Any_Fracture,629,58,6779,37,0.9297856614929786,0.9155749636098981,0.9444444444444444
Llama_3_2-3B-Instruct,impression_regularized,20,1018,Occ_Condyle_Fracture,96,47,7338,22,0.735632184,0.6713286713286714,0.8135593220338984
Llama_3_2-3B-Instruct,impression_regularized,20,1018,C1_Fracture,78,5,7403,17,0.8764044943820225,0.9397590361445783,0.8210526315789474
Llama_3_2-3B-Instruct,impression_regularized,20,1018,C2_Fracture,137,8,7309,49,0.8277945619335347,0.9448275862068966,0.7365591397849462
Llama_3_2-3B-Instruct,impression_regularized,20,1018,C3_Fracture,60,13,7419,11,0.8333333333333334,0.821917808,0.8450704225352113
Llama_3_2-3B-Instruct,impression_regularized,20,1018,C4_Fracture,71,14,7405,13,0.8402366863905325,0.8352941176470589,0.8452380952380952
Llama_3_2-3B-Instruct,impression_regularized,20,1018,C5_Fracture,103,11,7358,31,0.8306451612903226,0.9035087719298246,0.7686567164179104
Llama_3_2-3B-Instruct,impression_regularized,20,1018,C6_Fracture,126,7,7334,36,0.8542372881355932,0.9473684210526315,0.7777777777777778
Llama_3_2-3B-Instruct,impression_regularized,20,1018,C7_Fracture,200,41,7245,17,0.8733624454148472,0.8298755186721992,0.9216589861751152
Llama_3_2-3B-Instruct,impression_regularized,20,1018,Any_Fracture,589,80,6757,77,0.8823970037453184,0.8804185351270553,0.8843843843843844
Llama_3_2-3B-Instruct,impression_regularized,20,205,Occ_Condyle_Fracture,80,23,7362,38,0.7239819004524887,0.7766990291262136,0.6779661016949152
Llama_3_2-3B-Instruct,impression_regularized,20,205,C1_Fracture,74,2,7406,21,0.8654970760233918,0.9736842105263158,0.7789473684210526
Llama_3_2-3B-Instruct,impression_regularized,20,205,C2_Fracture,123,3,7314,63,0.7884615384615384,0.9761904761904762,0.6612903225806451
Llama_3_2-3B-Instruct,impression_regularized,20,205,C3_Fracture,54,10,7422,17,0.8,0.84375,0.7605633802816901
Llama_3_2-3B-Instruct,impression_regularized,20,205,C4_Fracture,67,13,7406,17,0.8170731707317073,0.8375,0.7976190476190477
Llama_3_2-3B-Instruct,impression_regularized,20,205,C5_Fracture,106,17,7352,28,0.8249027237354085,0.8617886178861789,0.7910447761194029
Llama_3_2-3B-Instruct,impression_regularized,20,205,C6_Fracture,127,11,7330,35,0.8466666666666667,0.9202898550724637,0.7839506172839507
Llama_3_2-3B-Instruct,impression_regularized,20,205,C7_Fracture,186,6,7280,31,0.9095354523227384,0.96875,0.8571428571428571
Llama_3_2-3B-Instruct,impression_regularized,20,205,Any_Fracture,548,34,6803,118,0.8782051282051282,0.9415807560137457,0.8228228228228228
Llama_3_2-3B-Instruct,impression_regularized,20,209,Occ_Condyle_Fracture,103,69,7316,15,0.7103448275862069,0.5988372093023255,0.8728813559322034
Llama_3_2-3B-Instruct,impression_regularized,20,209,C1_Fracture,78,2,7406,17,0.8914285714285715,0.975,0.8210526315789474
Llama_3_2-3B-Instruct,impression_regularized,20,209,C2_Fracture,159,20,7297,27,0.8712328767123287,0.888268156,0.8548387096774194
Llama_3_2-3B-Instruct,impression_regularized,20,209,C3_Fracture,57,9,7423,14,0.8321167883211679,0.8636363636363636,0.8028169014084507
Llama_3_2-3B-Instruct,impression_regularized,20,209,C4_Fracture,66,9,7410,18,0.8301886792452831,0.88,0.7857142857142857
Llama_3_2-3B-Instruct,impression_regularized,20,209,C5_Fracture,97,5,7364,37,0.8220338983050848,0.9509803921568627,0.7238805970149254
Llama_3_2-3B-Instruct,impression_regularized,20,209,C6_Fracture,125,1,7340,37,0.8680555555555556,0.9920634920634921,0.7716049382716049
Llama_3_2-3B-Instruct,impression_regularized,20,209,C7_Fracture,189,42,7244,28,0.84375,0.8181818181818182,0.8709677419354839
Llama_3_2-3B-Instruct,impression_regularized,20,209,Any_Fracture,592,71,6766,74,0.89089541,0.8929110105580694,0.8888888888888888
Llama_3_2-3B-Instruct,impression_regularized,20,42,Occ_Condyle_Fracture,86,21,7364,32,0.7644444444444445,0.8037383177570093,0.7288135593220338
Llama_3_2-3B-Instruct,impression_regularized,20,42,C1_Fracture,84,3,7405,11,0.9230769230769231,0.9655172413793104,0.8842105263157894
Llama_3_2-3B-Instruct,impression_regularized,20,42,C2_Fracture,148,11,7306,38,0.8579710144927536,0.9308176100628931,0.7956989247311828
Llama_3_2-3B-Instruct,impression_regularized,20,42,C3_Fracture,64,33,7399,7,0.7619047619047619,0.6597938144329897,0.9014084507042254
Llama_3_2-3B-Instruct,impression_regularized,20,42,C4_Fracture,71,27,7392,13,0.7802197802197802,0.7244897959183674,0.8452380952380952
Llama_3_2-3B-Instruct,impression_regularized,20,42,C5_Fracture,108,22,7347,26,0.8181818181818182,0.8307692307692308,0.8059701492537313
Llama_3_2-3B-Instruct,impression_regularized,20,42,C6_Fracture,137,17,7324,25,0.8670886075949367,0.8896103896103896,0.845679012
Llama_3_2-3B-Instruct,impression_regularized,20,42,C7_Fracture,188,21,7265,29,0.8826291079812206,0.8995215311004785,0.8663594470046083
Llama_3_2-3B-Instruct,impression_regularized,20,42,Any_Fracture,580,67,6770,86,0.8834729626808835,0.8964451313755796,0.8708708708708709
Llama_3_2-3B-Instruct,impression_regularized,20,58,Occ_Condyle_Fracture,71,7,7378,47,0.7244897959183674,0.9102564102564102,0.6016949152542372
Llama_3_2-3B-Instruct,impression_regularized,20,58,C1_Fracture,77,2,7406,18,0.8850574712643678,0.9746835443037974,0.8105263157894737
Llama_3_2-3B-Instruct,impression_regularized,20,58,C2_Fracture,127,4,7313,59,0.8012618296529969,0.9694656488549618,0.6827956989247311
Llama_3_2-3B-Instruct,impression_regularized,20,58,C3_Fracture,58,4,7428,15,0.8549618320610687,0.9333333333333333,0.7887323943661971
Llama_3_2-3B-Instruct,impression_regularized,20,58,C4_Fracture,62,5,7414,22,0.8211920529801324,0.9253731343283582,0.7380952380952381
Llama_3_2-3B-Instruct,impression_regularized,20,58,C5_Fracture,93,1,7368,41,0.8157894736842105,0.9893617021276596,0.6940298507462687
Llama_3_2-3B-Instruct,impression_regularized,20,58,C6_Fracture,114,1,7340,48,0.8231046931407943,0.991304348,0.7037037037037037
Llama_3_2-3B-Instruct,impression_regularized,20,58,C7_Fracture,165,6,7280,52,0.8505154639175257,0.9649122807017544,0.7603686635944701
Llama_3_2-3B-Instruct,impression_regularized,20,58,Any_Fracture,516,12,6825,150,0.864321608,0.9772727272727273,0.7747747747747747
Llama_3_2-3B-Instruct,impression_regularized,500,1018,Occ_Condyle_Fracture,76,2,7383,42,0.7755102040816326,0.9743589743589743,0.6440677966101694
Llama_3_2-3B-Instruct,impression_regularized,500,1018,C1_Fracture,80,2,7406,15,0.903954802,0.975609756,0.8421052631578947
Llama_3_2-3B-Instruct,impression_regularized,500,1018,C2_Fracture,161,14,7303,25,0.8919667590027701,0.92,0.8655913978494624
Llama_3_2-3B-Instruct,impression_regularized,500,1018,C3_Fracture,63,9,7423,8,0.8811188811188811,0.875,0.8873239436619719
Llama_3_2-3B-Instruct,impression_regularized,500,1018,C4_Fracture,73,14,7405,11,0.8538011695906432,0.8390804597701149,0.8690476190476191
Llama_3_2-3B-Instruct,impression_regularized,500,1018,C5_Fracture,114,13,7356,20,0.8735632183908046,0.8976377952755905,0.8507462686567164
Llama_3_2-3B-Instruct,impression_regularized,500,1018,C6_Fracture,148,17,7324,14,0.9051987767584098,0.896969697,0.9135802469135802
Llama_3_2-3B-Instruct,impression_regularized,500,1018,C7_Fracture,197,17,7269,20,0.914153132,0.9205607476635514,0.9078341013824884
Llama_3_2-3B-Instruct,impression_regularized,500,1018,Any_Fracture,592,42,6793,74,0.9093701996927803,0.9308176100628931,0.8888888888888888
Llama_3_2-3B-Instruct,impression_regularized,500,205,Occ_Condyle_Fracture,78,10,7375,40,0.7572815533980582,0.8863636363636364,0.6610169491525424
Llama_3_2-3B-Instruct,impression_regularized,500,205,C1_Fracture,81,4,7404,14,0.9,0.9529411764705882,0.8526315789473684
Llama_3_2-3B-Instruct,impression_regularized,500,205,C2_Fracture,167,16,7301,19,0.9051490514905149,0.912568306,0.8978494623655914
Llama_3_2-3B-Instruct,impression_regularized,500,205,C3_Fracture,63,8,7424,8,0.8873239436619719,0.8873239436619719,0.8873239436619719
Llama_3_2-3B-Instruct,impression_regularized,500,205,C4_Fracture,69,8,7411,15,0.8571428571428571,0.8961038961038961,0.8214285714285714
Llama_3_2-3B-Instruct,impression_regularized,500,205,C5_Fracture,108,10,7359,26,0.8571428571428571,0.9152542372881356,0.8059701492537313
Llama_3_2-3B-Instruct,impression_regularized,500,205,C6_Fracture,139,6,7335,23,0.9055374592833876,0.9586206896551724,0.8580246913580247
Llama_3_2-3B-Instruct,impression_regularized,500,205,C7_Fracture,187,6,7280,30,0.9121951219512195,0.9689119170984456,0.8617511520737328
Llama_3_2-3B-Instruct,impression_regularized,500,205,Any_Fracture,593,32,6805,73,0.9186676994577847,0.9488,0.8903903903903904
Llama_3_2-3B-Instruct,impression_regularized,500,209,Occ_Condyle_Fracture,76,6,7379,42,0.76,0.926829268,0.6440677966101694
Llama_3_2-3B-Instruct,impression_regularized,500,209,C1_Fracture,82,5,7403,13,0.9010989010989011,0.9425287356321839,0.8631578947368421
Llama_3_2-3B-Instruct,impression_regularized,500,209,C2_Fracture,151,7,7310,35,0.877906977,0.9556962025316456,0.8118279569892473
Llama_3_2-3B-Instruct,impression_regularized,500,209,C3_Fracture,60,3,7429,11,0.8955223880597015,0.9523809523809523,0.8450704225352113
Llama_3_2-3B-Instruct,impression_regularized,500,209,C4_Fracture,70,5,7414,14,0.8805031446540881,0.9333333333333333,0.8333333333333334
Llama_3_2-3B-Instruct,impression_regularized,500,209,C5_Fracture,104,11,7358,30,0.8353413654618473,0.9043478260869565,0.7761194029850746
Llama_3_2-3B-Instruct,impression_regularized,500,209,C6_Fracture,136,6,7335,26,0.8947368421052632,0.9577464788732394,0.8395061728395061
Llama_3_2-3B-Instruct,impression_regularized,500,209,C7_Fracture,191,10,7276,26,0.9138755980861244,0.9502487562189055,0.880184332
Llama_3_2-3B-Instruct,impression_regularized,500,209,Any_Fracture,583,35,6802,83,0.9080996884735203,0.9433656957928802,0.8753753753753754
Llama_3_2-3B-Instruct,impression_regularized,500,42,Occ_Condyle_Fracture,94,13,7372,24,0.8355555555555556,0.8785046728971962,0.7966101694915254
Llama_3_2-3B-Instruct,impression_regularized,500,42,C1_Fracture,84,3,7405,11,0.9230769230769231,0.9655172413793104,0.8842105263157894
Llama_3_2-3B-Instruct,impression_regularized,500,42,C2_Fracture,173,16,7301,13,0.9226666666666666,0.9153439153439153,0.9301075268817204
Llama_3_2-3B-Instruct,impression_regularized,500,42,C3_Fracture,65,12,7420,6,0.8783783783783784,0.8441558441558441,0.9154929577464789
Llama_3_2-3B-Instruct,impression_regularized,500,42,C4_Fracture,74,14,7405,10,0.8604651162790697,0.8409090909090909,0.8809523809523809
Llama_3_2-3B-Instruct,impression_regularized,500,42,C5_Fracture,121,28,7341,13,0.8551236749116607,0.8120805369127517,0.9029850746268657
Llama_3_2-3B-Instruct,impression_regularized,500,42,C6_Fracture,148,20,7321,14,0.896969697,0.8809523809523809,0.9135802469135802
Llama_3_2-3B-Instruct,impression_regularized,500,42,C7_Fracture,201,20,7266,16,0.9178082191780822,0.9095022624434389,0.9262672811059908
Llama_3_2-3B-Instruct,impression_regularized,500,42,Any_Fracture,623,75,6762,43,0.9134897360703812,0.8925501432664756,0.9354354354354354
Llama_3_2-3B-Instruct,impression_regularized,500,58,Occ_Condyle_Fracture,90,12,7373,28,0.8181818181818182,0.8823529411764706,0.7627118644067796
Llama_3_2-3B-Instruct,impression_regularized,500,58,C1_Fracture,84,3,7405,11,0.9230769230769231,0.9655172413793104,0.8842105263157894
Llama_3_2-3B-Instruct,impression_regularized,500,58,C2_Fracture,164,8,7309,22,0.9162011173184358,0.9534883720930233,0.8817204301075269
Llama_3_2-3B-Instruct,impression_regularized,500,58,C3_Fracture,62,6,7426,9,0.8920863309352518,0.9117647058823529,0.8732394366197183
Llama_3_2-3B-Instruct,impression_regularized,500,58,C4_Fracture,71,6,7413,13,0.8819875776397516,0.922077922,0.8452380952380952
Llama_3_2-3B-Instruct,impression_regularized,500,58,C5_Fracture,109,9,7360,25,0.8650793650793651,0.923728814,0.8134328358208955
Llama_3_2-3B-Instruct,impression_regularized,500,58,C6_Fracture,142,4,7337,20,0.922077922,0.9726027397260274,0.8765432098765432
Llama_3_2-3B-Instruct,impression_regularized,500,58,C7_Fracture,188,4,7282,29,0.9193154034229829,0.9791666666666666,0.8663594470046083
Llama_3_2-3B-Instruct,impression_regularized,500,58,Any_Fracture,595,29,6808,71,0.9224806201550387,0.9535256410256411,0.8933933933933934
Llama_3_2-3B-Instruct,impression_regularized,800,1018,Occ_Condyle_Fracture,84,3,7382,34,0.8195121951219512,0.9655172413793104,0.711864407
Llama_3_2-3B-Instruct,impression_regularized,800,1018,C1_Fracture,80,3,7405,15,0.898876404,0.963855422,0.8421052631578947
Llama_3_2-3B-Instruct,impression_regularized,800,1018,C2_Fracture,166,11,7306,20,0.9146005509641874,0.9378531073446328,0.8924731182795699
Llama_3_2-3B-Instruct,impression_regularized,800,1018,C3_Fracture,63,5,7427,8,0.9064748201438849,0.9264705882352942,0.8873239436619719
Llama_3_2-3B-Instruct,impression_regularized,800,1018,C4_Fracture,72,12,7407,12,0.8571428571428571,0.8571428571428571,0.8571428571428571
Llama_3_2-3B-Instruct,impression_regularized,800,1018,C5_Fracture,109,12,7357,25,0.8549019607843137,0.9008264462809917,0.8134328358208955
Llama_3_2-3B-Instruct,impression_regularized,800,1018,C6_Fracture,144,13,7328,18,0.9028213166144201,0.9171974522292994,0.8888888888888888
Llama_3_2-3B-Instruct,impression_regularized,800,1018,C7_Fracture,195,12,7274,22,0.9198113207547169,0.9420289855072463,0.8986175115207373
Llama_3_2-3B-Instruct,impression_regularized,800,1018,Any_Fracture,598,41,6796,68,0.9164750957854406,0.9358372456964006,0.8978978978978979
Llama_3_2-3B-Instruct,impression_regularized,800,205,Occ_Condyle_Fracture,88,6,7379,30,0.8301886792452831,0.9361702127659575,0.7457627118644068
Llama_3_2-3B-Instruct,impression_regularized,800,205,C1_Fracture,83,4,7404,12,0.9120879120879121,0.9540229885057471,0.8736842105263158
Llama_3_2-3B-Instruct,impression_regularized,800,205,C2_Fracture,166,13,7304,20,0.9095890410958904,0.9273743016759777,0.8924731182795699
Llama_3_2-3B-Instruct,impression_regularized,800,205,C3_Fracture,64,4,7428,7,0.920863309,0.9411764705882353,0.9014084507042254
Llama_3_2-3B-Instruct,impression_regularized,800,205,C4_Fracture,75,13,7406,9,0.872093023,0.8522727272727273,0.8928571428571429
Llama_3_2-3B-Instruct,impression_regularized,800,205,C5_Fracture,117,17,7352,17,0.8731343283582089,0.8731343283582089,0.8731343283582089
Llama_3_2-3B-Instruct,impression_regularized,800,205,C6_Fracture,147,12,7329,15,0.9158878504672897,0.9245283018867925,0.9074074074074074
Llama_3_2-3B-Instruct,impression_regularized,800,205,C7_Fracture,200,16,7270,17,0.9237875288683602,0.9259259259259259,0.9216589861751152
Llama_3_2-3B-Instruct,impression_regularized,800,205,Any_Fracture,608,52,6785,58,0.9170437405731523,0.9212121212121213,0.9129129129129129
Llama_3_2-3B-Instruct,impression_regularized,800,209,Occ_Condyle_Fracture,94,13,7372,24,0.8355555555555556,0.8785046728971962,0.7966101694915254
Llama_3_2-3B-Instruct,impression_regularized,800,209,C1_Fracture,79,2,7406,16,0.8977272727272727,0.9753086419753086,0.8315789473684211
Llama_3_2-3B-Instruct,impression_regularized,800,209,C2_Fracture,167,13,7304,19,0.912568306,0.9277777777777778,0.8978494623655914
Llama_3_2-3B-Instruct,impression_regularized,800,209,C3_Fracture,60,7,7425,11,0.8695652173913043,0.8955223880597015,0.8450704225352113
Llama_3_2-3B-Instruct,impression_regularized,800,209,C4_Fracture,70,6,7413,14,0.875,0.9210526315789473,0.8333333333333334
Llama_3_2-3B-Instruct,impression_regularized,800,209,C5_Fracture,113,17,7352,21,0.8560606060606061,0.8692307692307693,0.8432835820895522
Llama_3_2-3B-Instruct,impression_regularized,800,209,C6_Fracture,147,19,7322,15,0.8963414634146342,0.8855421686746988,0.9074074074074074
Llama_3_2-3B-Instruct,impression_regularized,800,209,C7_Fracture,194,15,7271,23,0.9107981220657277,0.9282296650717703,0.8940092165898618
Llama_3_2-3B-Instruct,impression_regularized,800,209,Any_Fracture,609,67,6770,57,0.9076005961251863,0.900887574,0.9144144144144144
Llama_3_2-3B-Instruct,impression_regularized,800,42,Occ_Condyle_Fracture,97,13,7372,21,0.8508771929824561,0.8818181818181818,0.8220338983050848
Llama_3_2-3B-Instruct,impression_regularized,800,42,C1_Fracture,81,2,7406,14,0.9101123595505618,0.9759036144578314,0.8526315789473684
Llama_3_2-3B-Instruct,impression_regularized,800,42,C2_Fracture,171,14,7303,15,0.921832884,0.9243243243243243,0.9193548387096774
Llama_3_2-3B-Instruct,impression_regularized,800,42,C3_Fracture,64,7,7425,7,0.9014084507042254,0.9014084507042254,0.9014084507042254
Llama_3_2-3B-Instruct,impression_regularized,800,42,C4_Fracture,72,9,7410,12,0.8727272727272727,0.8888888888888888,0.8571428571428571
Llama_3_2-3B-Instruct,impression_regularized,800,42,C5_Fracture,117,19,7350,17,0.8666666666666667,0.8602941176470589,0.8731343283582089
Llama_3_2-3B-Instruct,impression_regularized,800,42,C6_Fracture,147,15,7326,15,0.9074074074074074,0.9074074074074074,0.9074074074074074
Llama_3_2-3B-Instruct,impression_regularized,800,42,C7_Fracture,197,16,7270,20,0.9162790697674419,0.9248826291079812,0.9078341013824884
Llama_3_2-3B-Instruct,impression_regularized,800,42,Any_Fracture,616,57,6780,50,0.9200896191187453,0.9153046062407132,0.924924925
Llama_3_2-3B-Instruct,impression_regularized,800,58,Occ_Condyle_Fracture,94,12,7373,24,0.8392857142857143,0.8867924528301887,0.7966101694915254
Llama_3_2-3B-Instruct,impression_regularized,800,58,C1_Fracture,82,3,7405,13,0.9111111111111111,0.9647058823529412,0.8631578947368421
Llama_3_2-3B-Instruct,impression_regularized,800,58,C2_Fracture,170,12,7305,16,0.9239130434782609,0.9340659340659341,0.9139784946236559
Llama_3_2-3B-Instruct,impression_regularized,800,58,C3_Fracture,65,5,7427,6,0.9219858156028369,0.9285714285714286,0.9154929577464789
Llama_3_2-3B-Instruct,impression_regularized,800,58,C4_Fracture,72,6,7413,12,0.8888888888888888,0.9230769230769231,0.8571428571428571
Llama_3_2-3B-Instruct,impression_regularized,800,58,C5_Fracture,115,13,7356,19,0.8778625954198473,0.8984375,0.8582089552238806
Llama_3_2-3B-Instruct,impression_regularized,800,58,C6_Fracture,146,8,7333,16,0.9240506329113924,0.948051948,0.9012345679012346
Llama_3_2-3B-Instruct,impression_regularized,800,58,C7_Fracture,195,10,7276,22,0.9241706161137441,0.9512195121951219,0.8986175115207373
Llama_3_2-3B-Instruct,impression_regularized,800,58,Any_Fracture,612,39,6798,54,0.929384966,0.9400921658986175,0.918918919
gemma-3-12b-it,impression_regularized,100,1018,Occ_Condyle_Fracture,111,17,7368,7,0.9024390243902439,0.8671875,0.940677966
gemma-3-12b-it,impression_regularized,100,1018,C1_Fracture,84,12,7396,11,0.8795811518324608,0.875,0.8842105263157894
gemma-3-12b-it,impression_regularized,100,1018,C2_Fracture,167,4,7313,19,0.9355742296918768,0.9766081871345029,0.8978494623655914
gemma-3-12b-it,impression_regularized,100,1018,C3_Fracture,64,6,7426,7,0.9078014184397163,0.9142857142857143,0.9014084507042254
gemma-3-12b-it,impression_regularized,100,1018,C4_Fracture,74,7,7412,10,0.896969697,0.9135802469135802,0.8809523809523809
gemma-3-12b-it,impression_regularized,100,1018,C5_Fracture,114,4,7365,20,0.9047619047619048,0.9661016949152542,0.8507462686567164
gemma-3-12b-it,impression_regularized,100,1018,C6_Fracture,145,4,7337,17,0.932475884,0.9731543624161074,0.8950617283950617
gemma-3-12b-it,impression_regularized,100,1018,C7_Fracture,181,4,7282,36,0.900497512,0.9783783783783784,0.8341013824884793
gemma-3-12b-it,impression_regularized,100,1018,Any_Fracture,599,26,6811,67,0.9279628195197521,0.9584,0.8993993993993994
gemma-3-12b-it,impression_regularized,100,205,Occ_Condyle_Fracture,113,25,7360,5,0.8828125,0.8188405797101449,0.9576271186440678
gemma-3-12b-it,impression_regularized,100,205,C1_Fracture,86,8,7400,9,0.91005291,0.9148936170212766,0.9052631578947369
gemma-3-12b-it,impression_regularized,100,205,C2_Fracture,166,4,7313,20,0.9325842696629213,0.9764705882352941,0.8924731182795699
gemma-3-12b-it,impression_regularized,100,205,C3_Fracture,63,7,7425,8,0.8936170212765957,0.9,0.8873239436619719
gemma-3-12b-it,impression_regularized,100,205,C4_Fracture,72,6,7413,12,0.8888888888888888,0.9230769230769231,0.8571428571428571
gemma-3-12b-it,impression_regularized,100,205,C5_Fracture,114,4,7365,20,0.9047619047619048,0.9661016949152542,0.8507462686567164
gemma-3-12b-it,impression_regularized,100,205,C6_Fracture,142,4,7337,20,0.922077922,0.9726027397260274,0.8765432098765432
gemma-3-12b-it,impression_regularized,100,205,C7_Fracture,184,2,7284,33,0.913151365,0.989247312,0.847926267
gemma-3-12b-it,impression_regularized,100,205,Any_Fracture,600,33,6804,66,0.9237875288683602,0.9478672985781991,0.9009009009009009
gemma-3-12b-it,impression_regularized,100,209,Occ_Condyle_Fracture,114,20,7365,4,0.9047619047619048,0.8507462686567164,0.9661016949152542
gemma-3-12b-it,impression_regularized,100,209,C1_Fracture,90,17,7391,5,0.8910891089108911,0.8411214953271028,0.9473684210526315
gemma-3-12b-it,impression_regularized,100,209,C2_Fracture,172,8,7309,14,0.9398907103825137,0.9555555555555556,0.9247311827956989
gemma-3-12b-it,impression_regularized,100,209,C3_Fracture,64,8,7424,7,0.8951048951048951,0.8888888888888888,0.9014084507042254
gemma-3-12b-it,impression_regularized,100,209,C4_Fracture,75,7,7412,9,0.9036144578313253,0.9146341463414634,0.8928571428571429
gemma-3-12b-it,impression_regularized,100,209,C5_Fracture,115,6,7363,19,0.9019607843137255,0.9504132231404959,0.8582089552238806
gemma-3-12b-it,impression_regularized,100,209,C6_Fracture,144,6,7335,18,0.9230769230769231,0.96,0.8888888888888888
gemma-3-12b-it,impression_regularized,100,209,C7_Fracture,184,4,7282,33,0.908641975,0.9787234042553191,0.847926267
gemma-3-12b-it,impression_regularized,100,209,Any_Fracture,613,38,6799,53,0.9309035687167806,0.9416282642089093,0.9204204204204204
gemma-3-12b-it,impression_regularized,100,42,Occ_Condyle_Fracture,115,29,7356,3,0.8778625954198473,0.7986111111111112,0.9745762711864406
gemma-3-12b-it,impression_regularized,100,42,C1_Fracture,89,10,7398,6,0.9175257731958762,0.898989899,0.9368421052631579
gemma-3-12b-it,impression_regularized,100,42,C2_Fracture,176,10,7307,10,0.946236559,0.946236559,0.946236559
gemma-3-12b-it,impression_regularized,100,42,C3_Fracture,66,7,7425,5,0.9166666666666666,0.9041095890410958,0.9295774647887324
gemma-3-12b-it,impression_regularized,100,42,C4_Fracture,77,7,7412,7,0.9166666666666666,0.9166666666666666,0.9166666666666666
gemma-3-12b-it,impression_regularized,100,42,C5_Fracture,120,20,7349,14,0.8759124087591241,0.8571428571428571,0.8955223880597015
gemma-3-12b-it,impression_regularized,100,42,C6_Fracture,149,12,7329,13,0.9226006191950464,0.9254658385093167,0.9197530864197531
gemma-3-12b-it,impression_regularized,100,42,C7_Fracture,195,7,7279,22,0.9307875894988067,0.9653465346534653,0.8986175115207373
gemma-3-12b-it,impression_regularized,100,42,Any_Fracture,637,75,6762,29,0.9245283018867925,0.8946629213483146,0.9564564564564565
gemma-3-12b-it,impression_regularized,100,58,Occ_Condyle_Fracture,113,29,7356,5,0.8692307692307693,0.795774648,0.9576271186440678
gemma-3-12b-it,impression_regularized,100,58,C1_Fracture,85,14,7394,10,0.8762886597938144,0.8585858585858586,0.8947368421052632
gemma-3-12b-it,impression_regularized,100,58,C2_Fracture,167,6,7311,19,0.9303621169916435,0.9653179190751445,0.8978494623655914
gemma-3-12b-it,impression_regularized,100,58,C3_Fracture,64,8,7424,7,0.8951048951048951,0.8888888888888888,0.9014084507042254
gemma-3-12b-it,impression_regularized,100,58,C4_Fracture,72,6,7413,12,0.8888888888888888,0.9230769230769231,0.8571428571428571
gemma-3-12b-it,impression_regularized,100,58,C5_Fracture,114,4,7365,20,0.9047619047619048,0.9661016949152542,0.8507462686567164
gemma-3-12b-it,impression_regularized,100,58,C6_Fracture,140,4,7337,22,0.9150326797385621,0.9722222222222222,0.8641975308641975
gemma-3-12b-it,impression_regularized,100,58,C7_Fracture,182,2,7284,35,0.9077306733167082,0.9891304347826086,0.8387096774193549
gemma-3-12b-it,impression_regularized,100,58,Any_Fracture,598,37,6800,68,0.9192928516525749,0.9417322834645669,0.8978978978978979
gemma-3-12b-it,impression_regularized,1064,1018,Occ_Condyle_Fracture,112,2,7383,6,0.9655172413793104,0.9824561403508771,0.9491525423728814
gemma-3-12b-it,impression_regularized,1064,1018,C1_Fracture,85,9,7399,10,0.8994708994708994,0.9042553191489362,0.8947368421052632
gemma-3-12b-it,impression_regularized,1064,1018,C2_Fracture,169,5,7312,17,0.9388888888888889,0.9712643678160919,0.9086021505376344
gemma-3-12b-it,impression_regularized,1064,1018,C3_Fracture,64,5,7427,7,0.9142857142857143,0.927536232,0.9014084507042254
gemma-3-12b-it,impression_regularized,1064,1018,C4_Fracture,76,7,7412,8,0.9101796407185628,0.9156626506024096,0.9047619047619048
gemma-3-12b-it,impression_regularized,1064,1018,C5_Fracture,114,6,7363,20,0.8976377952755905,0.95,0.8507462686567164
gemma-3-12b-it,impression_regularized,1064,1018,C6_Fracture,150,4,7337,12,0.9493670886075949,0.974025974,0.9259259259259259
gemma-3-12b-it,impression_regularized,1064,1018,C7_Fracture,192,2,7284,25,0.9343065693430657,0.9896907216494846,0.8847926267281107
gemma-3-12b-it,impression_regularized,1064,1018,Any_Fracture,611,12,6825,55,0.948021722,0.9807383627608347,0.9174174174174174
gemma-3-12b-it,impression_regularized,1064,205,Occ_Condyle_Fracture,108,3,7382,10,0.9432314410480349,0.972972973,0.9152542372881356
gemma-3-12b-it,impression_regularized,1064,205,C1_Fracture,84,3,7405,11,0.9230769230769231,0.9655172413793104,0.8842105263157894
gemma-3-12b-it,impression_regularized,1064,205,C2_Fracture,165,3,7314,21,0.9322033898305084,0.9821428571428571,0.8870967741935484
gemma-3-12b-it,impression_regularized,1064,205,C3_Fracture,64,6,7426,7,0.9078014184397163,0.9142857142857143,0.9014084507042254
gemma-3-12b-it,impression_regularized,1064,205,C4_Fracture,76,4,7415,8,0.926829268,0.95,0.9047619047619048
gemma-3-12b-it,impression_regularized,1064,205,C5_Fracture,115,4,7365,19,0.9090909090909091,0.9663865546218487,0.8582089552238806
gemma-3-12b-it,impression_regularized,1064,205,C6_Fracture,148,5,7336,14,0.9396825396825397,0.9673202614379085,0.9135802469135802
gemma-3-12b-it,impression_regularized,1064,205,C7_Fracture,189,3,7283,28,0.9242053789731052,0.984375,0.8709677419354839
gemma-3-12b-it,impression_regularized,1064,205,Any_Fracture,604,15,6822,62,0.9400778210116731,0.975767367,0.9069069069069069
gemma-3-12b-it,impression_regularized,1064,209,Occ_Condyle_Fracture,111,7,7378,7,0.940677966,0.940677966,0.940677966
gemma-3-12b-it,impression_regularized,1064,209,C1_Fracture,83,8,7400,12,0.8924731182795699,0.9120879120879121,0.8736842105263158
gemma-3-12b-it,impression_regularized,1064,209,C2_Fracture,170,4,7313,16,0.9444444444444444,0.9770114942528736,0.9139784946236559
gemma-3-12b-it,impression_regularized,1064,209,C3_Fracture,64,6,7426,7,0.9078014184397163,0.9142857142857143,0.9014084507042254
gemma-3-12b-it,impression_regularized,1064,209,C4_Fracture,76,5,7414,8,0.9212121212121213,0.9382716049382716,0.9047619047619048
gemma-3-12b-it,impression_regularized,1064,209,C5_Fracture,114,5,7364,20,0.9011857707509882,0.957983193,0.8507462686567164
gemma-3-12b-it,impression_regularized,1064,209,C6_Fracture,146,4,7337,16,0.9358974358974359,0.9733333333333334,0.9012345679012346
gemma-3-12b-it,impression_regularized,1064,209,C7_Fracture,186,2,7284,31,0.9185185185185185,0.9893617021276596,0.8571428571428571
gemma-3-12b-it,impression_regularized,1064,209,Any_Fracture,602,16,6821,64,0.9376947040498442,0.9741100323624595,0.9039039039039038
gemma-3-12b-it,impression_regularized,1064,42,Occ_Condyle_Fracture,112,2,7383,6,0.9655172413793104,0.9824561403508771,0.9491525423728814
gemma-3-12b-it,impression_regularized,1064,42,C1_Fracture,87,11,7397,8,0.9015544041450777,0.8877551020408163,0.9157894736842105
gemma-3-12b-it,impression_regularized,1064,42,C2_Fracture,171,6,7311,15,0.9421487603305785,0.9661016949152542,0.9193548387096774
gemma-3-12b-it,impression_regularized,1064,42,C3_Fracture,64,8,7424,7,0.8951048951048951,0.8888888888888888,0.9014084507042254
gemma-3-12b-it,impression_regularized,1064,42,C4_Fracture,76,7,7412,8,0.9101796407185628,0.9156626506024096,0.9047619047619048
gemma-3-12b-it,impression_regularized,1064,42,C5_Fracture,116,6,7363,18,0.90625,0.9508196721311475,0.8656716417910447
gemma-3-12b-it,impression_regularized,1064,42,C6_Fracture,150,5,7336,12,0.9463722397476341,0.967741935,0.9259259259259259
gemma-3-12b-it,impression_regularized,1064,42,C7_Fracture,191,4,7282,26,0.9271844660194175,0.9794871794871794,0.880184332
gemma-3-12b-it,impression_regularized,1064,42,Any_Fracture,616,17,6820,50,0.9484218629715165,0.9731437598736177,0.924924925
gemma-3-12b-it,impression_regularized,1064,58,Occ_Condyle_Fracture,112,4,7381,6,0.9572649572649573,0.9655172413793104,0.9491525423728814
gemma-3-12b-it,impression_regularized,1064,58,C1_Fracture,88,6,7402,7,0.9312169312169312,0.9361702127659575,0.9263157894736842
gemma-3-12b-it,impression_regularized,1064,58,C2_Fracture,168,7,7310,18,0.9307479224376731,0.96,0.9032258064516129
gemma-3-12b-it,impression_regularized,1064,58,C3_Fracture,63,4,7428,8,0.9130434782608695,0.9402985074626866,0.8873239436619719
gemma-3-12b-it,impression_regularized,1064,58,C4_Fracture,75,5,7414,9,0.9146341463414634,0.9375,0.8928571428571429
gemma-3-12b-it,impression_regularized,1064,58,C5_Fracture,114,5,7364,20,0.9011857707509882,0.957983193,0.8507462686567164
gemma-3-12b-it,impression_regularized,1064,58,C6_Fracture,149,4,7337,13,0.946031746,0.9738562091503268,0.9197530864197531
gemma-3-12b-it,impression_regularized,1064,58,C7_Fracture,189,3,7283,28,0.9242053789731052,0.984375,0.8709677419354839
gemma-3-12b-it,impression_regularized,1064,58,Any_Fracture,609,17,6820,57,0.9427244582043344,0.9728434504792333,0.9144144144144144
gemma-3-12b-it,impression_regularized,20,1018,Occ_Condyle_Fracture,115,30,7355,3,0.8745247148288974,0.7931034482758621,0.9745762711864406
gemma-3-12b-it,impression_regularized,20,1018,C1_Fracture,88,21,7387,7,0.8627450980392157,0.8073394495412844,0.9263157894736842
gemma-3-12b-it,impression_regularized,20,1018,C2_Fracture,168,6,7311,18,0.9333333333333333,0.9655172413793104,0.9032258064516129
gemma-3-12b-it,impression_regularized,20,1018,C3_Fracture,64,9,7423,7,0.8888888888888888,0.8767123287671232,0.9014084507042254
gemma-3-12b-it,impression_regularized,20,1018,C4_Fracture,72,6,7413,12,0.8888888888888888,0.9230769230769231,0.8571428571428571
gemma-3-12b-it,impression_regularized,20,1018,C5_Fracture,113,4,7365,21,0.900398406,0.9658119658119658,0.8432835820895522
gemma-3-12b-it,impression_regularized,20,1018,C6_Fracture,146,4,7337,16,0.9358974358974359,0.9733333333333334,0.9012345679012346
gemma-3-12b-it,impression_regularized,20,1018,C7_Fracture,183,2,7284,34,0.9104477611940298,0.9891891891891892,0.8433179723502304
gemma-3-12b-it,impression_regularized,20,1018,Any_Fracture,606,42,6795,60,0.9223744292237442,0.9351851851851852,0.9099099099099099
gemma-3-12b-it,impression_regularized,20,205,Occ_Condyle_Fracture,114,29,7356,4,0.8735632183908046,0.7972027972027972,0.9661016949152542
gemma-3-12b-it,impression_regularized,20,205,C1_Fracture,89,22,7386,6,0.8640776699029126,0.8018018018018018,0.9368421052631579
gemma-3-12b-it,impression_regularized,20,205,C2_Fracture,169,7,7310,17,0.9337016574585635,0.9602272727272727,0.9086021505376344
gemma-3-12b-it,impression_regularized,20,205,C3_Fracture,64,9,7423,7,0.8888888888888888,0.8767123287671232,0.9014084507042254
gemma-3-12b-it,impression_regularized,20,205,C4_Fracture,74,9,7410,10,0.8862275449101796,0.891566265,0.8809523809523809
gemma-3-12b-it,impression_regularized,20,205,C5_Fracture,114,5,7364,20,0.9011857707509882,0.957983193,0.8507462686567164
gemma-3-12b-it,impression_regularized,20,205,C6_Fracture,148,4,7337,14,0.9426751592356688,0.9736842105263158,0.9135802469135802
gemma-3-12b-it,impression_regularized,20,205,C7_Fracture,187,2,7284,30,0.9211822660098522,0.9894179894179894,0.8617511520737328
gemma-3-12b-it,impression_regularized,20,205,Any_Fracture,613,43,6794,53,0.9273827534039334,0.9344512195121951,0.9204204204204204
gemma-3-12b-it,impression_regularized,20,209,Occ_Condyle_Fracture,115,28,7357,3,0.8812260536398467,0.8041958041958042,0.9745762711864406
gemma-3-12b-it,impression_regularized,20,209,C1_Fracture,88,23,7385,7,0.8543689320388349,0.7927927927927928,0.9263157894736842
gemma-3-12b-it,impression_regularized,20,209,C2_Fracture,170,7,7310,16,0.9366391184573003,0.960451977,0.9139784946236559
gemma-3-12b-it,impression_regularized,20,209,C3_Fracture,64,8,7424,7,0.8951048951048951,0.8888888888888888,0.9014084507042254
gemma-3-12b-it,impression_regularized,20,209,C4_Fracture,73,7,7412,11,0.8902439024390244,0.9125,0.8690476190476191
gemma-3-12b-it,impression_regularized,20,209,C5_Fracture,113,6,7363,21,0.8932806324110671,0.9495798319327731,0.8432835820895522
gemma-3-12b-it,impression_regularized,20,209,C6_Fracture,146,4,7337,16,0.9358974358974359,0.9733333333333334,0.9012345679012346
gemma-3-12b-it,impression_regularized,20,209,C7_Fracture,184,3,7283,33,0.9108910891089109,0.983957219,0.847926267
gemma-3-12b-it,impression_regularized,20,209,Any_Fracture,609,43,6794,57,0.9241274658573596,0.9340490797546013,0.9144144144144144
gemma-3-12b-it,impression_regularized,20,42,Occ_Condyle_Fracture,115,31,7354,3,0.8712121212121212,0.7876712328767124,0.9745762711864406
gemma-3-12b-it,impression_regularized,20,42,C1_Fracture,89,24,7384,6,0.8557692307692307,0.7876106194690266,0.9368421052631579
gemma-3-12b-it,impression_regularized,20,42,C2_Fracture,168,7,7310,18,0.9307479224376731,0.96,0.9032258064516129
gemma-3-12b-it,impression_regularized,20,42,C3_Fracture,64,10,7422,7,0.8827586206896552,0.8648648648648649,0.9014084507042254
gemma-3-12b-it,impression_regularized,20,42,C4_Fracture,73,9,7410,11,0.8795180722891566,0.8902439024390244,0.8690476190476191
gemma-3-12b-it,impression_regularized,20,42,C5_Fracture,113,5,7364,21,0.8968253968253969,0.9576271186440678,0.8432835820895522
gemma-3-12b-it,impression_regularized,20,42,C6_Fracture,147,4,7337,15,0.939297125,0.9735099337748344,0.9074074074074074
gemma-3-12b-it,impression_regularized,20,42,C7_Fracture,186,2,7284,31,0.9185185185185185,0.9893617021276596,0.8571428571428571
gemma-3-12b-it,impression_regularized,20,42,Any_Fracture,609,45,6792,57,0.9227272727272727,0.9311926605504587,0.9144144144144144
gemma-3-12b-it,impression_regularized,20,58,Occ_Condyle_Fracture,114,31,7354,4,0.8669201520912547,0.7862068965517242,0.9661016949152542
gemma-3-12b-it,impression_regularized,20,58,C1_Fracture,88,19,7389,7,0.8712871287128713,0.822429907,0.9263157894736842
gemma-3-12b-it,impression_regularized,20,58,C2_Fracture,168,6,7311,18,0.9333333333333333,0.9655172413793104,0.9032258064516129
gemma-3-12b-it,impression_regularized,20,58,C3_Fracture,64,8,7424,7,0.8951048951048951,0.8888888888888888,0.9014084507042254
gemma-3-12b-it,impression_regularized,20,58,C4_Fracture,73,6,7413,11,0.8957055214723927,0.9240506329113924,0.8690476190476191
gemma-3-12b-it,impression_regularized,20,58,C5_Fracture,113,4,7365,21,0.900398406,0.9658119658119658,0.8432835820895522
gemma-3-12b-it,impression_regularized,20,58,C6_Fracture,144,4,7337,18,0.9290322580645162,0.972972973,0.8888888888888888
gemma-3-12b-it,impression_regularized,20,58,C7_Fracture,183,2,7284,34,0.9104477611940298,0.9891891891891892,0.8433179723502304
gemma-3-12b-it,impression_regularized,20,58,Any_Fracture,607,43,6794,59,0.9224924012158054,0.9338461538461539,0.9114114114114115
gemma-3-12b-it,impression_regularized,500,1018,Occ_Condyle_Fracture,113,15,7370,5,0.9186991869918699,0.8828125,0.9576271186440678
gemma-3-12b-it,impression_regularized,500,1018,C1_Fracture,84,7,7401,11,0.9032258064516129,0.9230769230769231,0.8842105263157894
gemma-3-12b-it,impression_regularized,500,1018,C2_Fracture,165,5,7312,21,0.9269662921348315,0.9705882352941176,0.8870967741935484
gemma-3-12b-it,impression_regularized,500,1018,C3_Fracture,64,9,7423,7,0.8888888888888888,0.8767123287671232,0.9014084507042254
gemma-3-12b-it,impression_regularized,500,1018,C4_Fracture,75,9,7410,9,0.8928571428571429,0.8928571428571429,0.8928571428571429
gemma-3-12b-it,impression_regularized,500,1018,C5_Fracture,116,6,7363,18,0.90625,0.9508196721311475,0.8656716417910447
gemma-3-12b-it,impression_regularized,500,1018,C6_Fracture,149,6,7335,13,0.9400630914826499,0.9612903225806452,0.9197530864197531
gemma-3-12b-it,impression_regularized,500,1018,C7_Fracture,185,5,7281,32,0.9090909090909091,0.9736842105263158,0.8525345622119815
gemma-3-12b-it,impression_regularized,500,1018,Any_Fracture,604,27,6810,62,0.9313801079414032,0.9572107765451664,0.9069069069069069
gemma-3-12b-it,impression_regularized,500,205,Occ_Condyle_Fracture,112,15,7370,6,0.9142857142857143,0.8818897637795275,0.9491525423728814
gemma-3-12b-it,impression_regularized,500,205,C1_Fracture,83,9,7399,12,0.8877005347593583,0.9021739130434783,0.8736842105263158
gemma-3-12b-it,impression_regularized,500,205,C2_Fracture,167,5,7312,19,0.9329608938547486,0.9709302325581395,0.8978494623655914
gemma-3-12b-it,impression_regularized,500,205,C3_Fracture,64,8,7424,7,0.8951048951048951,0.8888888888888888,0.9014084507042254
gemma-3-12b-it,impression_regularized,500,205,C4_Fracture,76,8,7411,8,0.9047619047619048,0.9047619047619048,0.9047619047619048
gemma-3-12b-it,impression_regularized,500,205,C5_Fracture,116,9,7360,18,0.8957528957528957,0.928,0.8656716417910447
gemma-3-12b-it,impression_regularized,500,205,C6_Fracture,149,7,7334,13,0.9371069182389937,0.9551282051282052,0.9197530864197531
gemma-3-12b-it,impression_regularized,500,205,C7_Fracture,190,5,7281,27,0.9223300970873787,0.9743589743589743,0.8755760368663594
gemma-3-12b-it,impression_regularized,500,205,Any_Fracture,610,27,6810,58,0.9363008442056792,0.957613815,0.9159159159159159
gemma-3-12b-it,impression_regularized,500,209,Occ_Condyle_Fracture,107,2,7383,11,0.9427312775330396,0.981651376,0.9067796610169492
gemma-3-12b-it,impression_regularized,500,209,C1_Fracture,86,7,7401,9,0.9148936170212766,0.9247311827956989,0.9052631578947369
gemma-3-12b-it,impression_regularized,500,209,C2_Fracture,166,4,7313,20,0.9325842696629213,0.9764705882352941,0.8924731182795699
gemma-3-12b-it,impression_regularized,500,209,C3_Fracture,64,6,7426,7,0.9078014184397163,0.9142857142857143,0.9014084507042254
gemma-3-12b-it,impression_regularized,500,209,C4_Fracture,75,6,7413,9,0.9090909090909091,0.9259259259259259,0.8928571428571429
gemma-3-12b-it,impression_regularized,500,209,C5_Fracture,115,8,7361,19,0.8949416342412452,0.9349593495934959,0.8582089552238806
gemma-3-12b-it,impression_regularized,500,209,C6_Fracture,148,5,7336,14,0.9396825396825397,0.9673202614379085,0.9135802469135802
gemma-3-12b-it,impression_regularized,500,209,C7_Fracture,188,3,7283,29,0.9215686274509803,0.9842931937172775,0.8663594470046083
gemma-3-12b-it,impression_regularized,500,209,Any_Fracture,604,18,6819,62,0.937888199,0.9710610932475884,0.9069069069069069
gemma-3-12b-it,impression_regularized,500,42,Occ_Condyle_Fracture,108,7,7378,10,0.927038627,0.9391304347826087,0.9152542372881356
gemma-3-12b-it,impression_regularized,500,42,C1_Fracture,85,5,7403,10,0.918918919,0.9444444444444444,0.8947368421052632
gemma-3-12b-it,impression_regularized,500,42,C2_Fracture,171,6,7311,15,0.9421487603305785,0.9661016949152542,0.9193548387096774
gemma-3-12b-it,impression_regularized,500,42,C3_Fracture,64,6,7426,7,0.9078014184397163,0.9142857142857143,0.9014084507042254
gemma-3-12b-it,impression_regularized,500,42,C4_Fracture,76,6,7413,8,0.9156626506024096,0.926829268,0.9047619047619048
gemma-3-12b-it,impression_regularized,500,42,C5_Fracture,116,6,7363,18,0.90625,0.9508196721311475,0.8656716417910447
gemma-3-12b-it,impression_regularized,500,42,C6_Fracture,148,6,7335,14,0.9367088607594937,0.961038961,0.9135802469135802
gemma-3-12b-it,impression_regularized,500,42,C7_Fracture,186,3,7283,31,0.916256158,0.9841269841269841,0.8571428571428571
gemma-3-12b-it,impression_regularized,500,42,Any_Fracture,608,22,6815,58,0.9382716049382716,0.9650793650793651,0.9129129129129129
gemma-3-12b-it,impression_regularized,500,58,Occ_Condyle_Fracture,111,2,7383,7,0.961038961,0.9823008849557522,0.940677966
gemma-3-12b-it,impression_regularized,500,58,C1_Fracture,85,9,7399,10,0.8994708994708994,0.9042553191489362,0.8947368421052632
gemma-3-12b-it,impression_regularized,500,58,C2_Fracture,168,7,7310,18,0.9307479224376731,0.96,0.9032258064516129
gemma-3-12b-it,impression_regularized,500,58,C3_Fracture,64,6,7426,7,0.9078014184397163,0.9142857142857143,0.9014084507042254
gemma-3-12b-it,impression_regularized,500,58,C4_Fracture,75,5,7414,9,0.9146341463414634,0.9375,0.8928571428571429
gemma-3-12b-it,impression_regularized,500,58,C5_Fracture,114,5,7364,20,0.9011857707509882,0.957983193,0.8507462686567164
gemma-3-12b-it,impression_regularized,500,58,C6_Fracture,148,5,7336,14,0.9396825396825397,0.9673202614379085,0.9135802469135802
gemma-3-12b-it,impression_regularized,500,58,C7_Fracture,185,3,7283,32,0.9135802469135802,0.9840425531914894,0.8525345622119815
gemma-3-12b-it,impression_regularized,500,58,Any_Fracture,603,18,6819,63,0.9370629370629371,0.9710144927536232,0.9054054054054054
gemma-3-12b-it,impression_regularized,800,1018,Occ_Condyle_Fracture,111,5,7380,7,0.9487179487179487,0.9568965517241379,0.940677966
gemma-3-12b-it,impression_regularized,800,1018,C1_Fracture,83,5,7403,12,0.907103825,0.9431818181818182,0.8736842105263158
gemma-3-12b-it,impression_regularized,800,1018,C2_Fracture,170,4,7313,16,0.9444444444444444,0.9770114942528736,0.9139784946236559
gemma-3-12b-it,impression_regularized,800,1018,C3_Fracture,63,4,7428,8,0.9130434782608695,0.9402985074626866,0.8873239436619719
gemma-3-12b-it,impression_regularized,800,1018,C4_Fracture,76,4,7415,8,0.926829268,0.95,0.9047619047619048
gemma-3-12b-it,impression_regularized,800,1018,C5_Fracture,117,5,7364,17,0.9140625,0.9590163934426229,0.8731343283582089
gemma-3-12b-it,impression_regularized,800,1018,C6_Fracture,151,6,7335,11,0.9467084639498433,0.9617834394904459,0.9320987654320988
gemma-3-12b-it,impression_regularized,800,1018,C7_Fracture,192,8,7278,25,0.920863309,0.96,0.8847926267281107
gemma-3-12b-it,impression_regularized,800,1018,Any_Fracture,613,20,6817,53,0.9438029253271748,0.9684044233807267,0.9204204204204204
gemma-3-12b-it,impression_regularized,800,205,Occ_Condyle_Fracture,109,2,7383,9,0.9519650655021834,0.9819819819819819,0.923728814
gemma-3-12b-it,impression_regularized,800,205,C1_Fracture,85,7,7401,10,0.9090909090909091,0.9239130434782609,0.8947368421052632
gemma-3-12b-it,impression_regularized,800,205,C2_Fracture,172,8,7309,14,0.9398907103825137,0.9555555555555556,0.9247311827956989
gemma-3-12b-it,impression_regularized,800,205,C3_Fracture,65,4,7428,6,0.9285714285714286,0.9420289855072463,0.9154929577464789
gemma-3-12b-it,impression_regularized,800,205,C4_Fracture,73,6,7413,11,0.8957055214723927,0.9240506329113924,0.8690476190476191
gemma-3-12b-it,impression_regularized,800,205,C5_Fracture,115,5,7364,19,0.905511811,0.9583333333333334,0.8582089552238806
gemma-3-12b-it,impression_regularized,800,205,C6_Fracture,148,7,7334,14,0.9337539432176656,0.9548387096774194,0.9135802469135802
gemma-3-12b-it,impression_regularized,800,205,C7_Fracture,184,3,7283,33,0.9108910891089109,0.983957219,0.847926267
gemma-3-12b-it,impression_regularized,800,205,Any_Fracture,603,15,6822,63,0.9392523364485982,0.9757281553398058,0.9054054054054054
gemma-3-12b-it,impression_regularized,800,209,Occ_Condyle_Fracture,114,7,7378,4,0.9539748953974896,0.9421487603305785,0.9661016949152542
gemma-3-12b-it,impression_regularized,800,209,C1_Fracture,88,8,7400,7,0.9214659685863874,0.9166666666666666,0.9263157894736842
gemma-3-12b-it,impression_regularized,800,209,C2_Fracture,168,7,7310,18,0.9307479224376731,0.96,0.9032258064516129
gemma-3-12b-it,impression_regularized,800,209,C3_Fracture,64,9,7423,7,0.8888888888888888,0.8767123287671232,0.9014084507042254
gemma-3-12b-it,impression_regularized,800,209,C4_Fracture,78,8,7411,6,0.9176470588235294,0.9069767441860465,0.9285714285714286
gemma-3-12b-it,impression_regularized,800,209,C5_Fracture,118,10,7359,16,0.9007633587786259,0.921875,0.8805970149253731
gemma-3-12b-it,impression_regularized,800,209,C6_Fracture,151,9,7332,11,0.937888199,0.94375,0.9320987654320988
gemma-3-12b-it,impression_regularized,800,209,C7_Fracture,195,5,7281,22,0.935251799,0.975,0.8986175115207373
gemma-3-12b-it,impression_regularized,800,209,Any_Fracture,619,26,6811,47,0.9443173150266971,0.9596899224806201,0.9294294294294294
gemma-3-12b-it,impression_regularized,800,42,Occ_Condyle_Fracture,111,5,7380,7,0.9487179487179487,0.9568965517241379,0.940677966
gemma-3-12b-it,impression_regularized,800,42,C1_Fracture,84,6,7402,11,0.9081081081081082,0.9333333333333333,0.8842105263157894
gemma-3-12b-it,impression_regularized,800,42,C2_Fracture,170,5,7312,16,0.9418282548476454,0.9714285714285714,0.9139784946236559
gemma-3-12b-it,impression_regularized,800,42,C3_Fracture,64,6,7426,7,0.9078014184397163,0.9142857142857143,0.9014084507042254
gemma-3-12b-it,impression_regularized,800,42,C4_Fracture,76,7,7412,8,0.9101796407185628,0.9156626506024096,0.9047619047619048
gemma-3-12b-it,impression_regularized,800,42,C5_Fracture,115,6,7363,19,0.9019607843137255,0.9504132231404959,0.8582089552238806
gemma-3-12b-it,impression_regularized,800,42,C6_Fracture,149,4,7337,13,0.946031746,0.9738562091503268,0.9197530864197531
gemma-3-12b-it,impression_regularized,800,42,C7_Fracture,189,3,7283,28,0.9242053789731052,0.984375,0.8709677419354839
gemma-3-12b-it,impression_regularized,800,42,Any_Fracture,608,16,6821,58,0.9426356589147287,0.9743589743589743,0.9129129129129129
gemma-3-12b-it,impression_regularized,800,58,Occ_Condyle_Fracture,114,3,7382,4,0.9702127659574468,0.9743589743589743,0.9661016949152542
gemma-3-12b-it,impression_regularized,800,58,C1_Fracture,83,6,7402,12,0.9021739130434783,0.9325842696629213,0.8736842105263158
gemma-3-12b-it,impression_regularized,800,58,C2_Fracture,167,6,7311,19,0.9303621169916435,0.9653179190751445,0.8978494623655914
gemma-3-12b-it,impression_regularized,800,58,C3_Fracture,64,7,7425,7,0.9014084507042254,0.9014084507042254,0.9014084507042254
gemma-3-12b-it,impression_regularized,800,58,C4_Fracture,75,8,7411,9,0.8982035928143712,0.9036144578313253,0.8928571428571429
gemma-3-12b-it,impression_regularized,800,58,C5_Fracture,115,7,7362,19,0.8984375,0.9426229508196722,0.8582089552238806
gemma-3-12b-it,impression_regularized,800,58,C6_Fracture,148,6,7335,14,0.9367088607594937,0.961038961,0.9135802469135802
gemma-3-12b-it,impression_regularized,800,58,C7_Fracture,187,5,7281,30,0.9144254278728606,0.9739583333333334,0.8617511520737328
gemma-3-12b-it,impression_regularized,800,58,Any_Fracture,603,17,6820,63,0.937791602,0.9725806451612903,0.9054054054054054
gemma-3-1b-it,impression_regularized,100,1018,Occ_Condyle_Fracture,97,198,7187,21,0.46973365617433416,0.3288135593220339,0.8220338983050848
gemma-3-1b-it,impression_regularized,100,1018,C1_Fracture,31,8,7400,64,0.4626865671641791,0.7948717948717948,0.3263157894736842
gemma-3-1b-it,impression_regularized,100,1018,C2_Fracture,57,2,7315,129,0.46530612244897956,0.9661016949152542,0.3064516129032258
gemma-3-1b-it,impression_regularized,100,1018,C3_Fracture,7,1,7431,64,0.17721518987341772,0.875,0.098591549
gemma-3-1b-it,impression_regularized,100,1018,C4_Fracture,9,1,7418,75,0.19148936170212766,0.9,0.10714285714285714
gemma-3-1b-it,impression_regularized,100,1018,C5_Fracture,27,7,7362,107,0.32142857142857145,0.7941176470588235,0.20149253731343283
gemma-3-1b-it,impression_regularized,100,1018,C6_Fracture,26,4,7337,136,0.2708333333333333,0.8666666666666667,0.16049382716049382
gemma-3-1b-it,impression_regularized,100,1018,C7_Fracture,66,12,7274,151,0.44745762711864406,0.8461538461538461,0.30414746543778803
gemma-3-1b-it,impression_regularized,100,1018,Any_Fracture,320,93,6744,346,0.593141798,0.774818402,0.4804804804804805
gemma-3-1b-it,impression_regularized,100,205,Occ_Condyle_Fracture,25,7,7378,93,0.3333333333333333,0.78125,0.211864407
gemma-3-1b-it,impression_regularized,100,205,C1_Fracture,41,7,7401,54,0.5734265734265734,0.8541666666666666,0.43157894736842106
gemma-3-1b-it,impression_regularized,100,205,C2_Fracture,95,8,7309,91,0.657439446,0.9223300970873787,0.510752688
gemma-3-1b-it,impression_regularized,100,205,C3_Fracture,28,10,7422,43,0.5137614678899083,0.7368421052631579,0.39436619718309857
gemma-3-1b-it,impression_regularized,100,205,C4_Fracture,12,0,7419,72,0.25,1,0.14285714285714285
gemma-3-1b-it,impression_regularized,100,205,C5_Fracture,26,0,7369,108,0.325,1,0.19402985074626866
gemma-3-1b-it,impression_regularized,100,205,C6_Fracture,37,0,7341,125,0.37185929648241206,1,0.22839506172839505
gemma-3-1b-it,impression_regularized,100,205,C7_Fracture,30,1,7285,187,0.24193548387096775,0.967741935,0.1382488479262673
gemma-3-1b-it,impression_regularized,100,205,Any_Fracture,234,17,6820,432,0.5103598691384951,0.9322709163346613,0.35135135135135137
gemma-3-1b-it,impression_regularized,100,209,Occ_Condyle_Fracture,58,24,7361,60,0.58,0.7073170731707317,0.4915254237288136
gemma-3-1b-it,impression_regularized,100,209,C1_Fracture,35,9,7399,60,0.5035971223021583,0.7954545454545454,0.3684210526315789
gemma-3-1b-it,impression_regularized,100,209,C2_Fracture,57,3,7314,129,0.4634146341463415,0.95,0.3064516129032258
gemma-3-1b-it,impression_regularized,100,209,C3_Fracture,21,13,7419,50,0.4,0.6176470588235294,0.29577464788732394
gemma-3-1b-it,impression_regularized,100,209,C4_Fracture,21,8,7411,63,0.37168141592920356,0.7241379310344828,0.25
gemma-3-1b-it,impression_regularized,100,209,C5_Fracture,47,23,7346,87,0.46078431372549017,0.6714285714285714,0.35074626865671643
gemma-3-1b-it,impression_regularized,100,209,C6_Fracture,48,21,7320,114,0.4155844155844156,0.6956521739130435,0.2962962962962963
gemma-3-1b-it,impression_regularized,100,209,C7_Fracture,58,17,7269,161,0.38620689655172413,0.7671232876712328,0.25806451612903225
gemma-3-1b-it,impression_regularized,100,209,Any_Fracture,266,31,6806,400,0.5524402907580478,0.8956228956228957,0.3993993993993994
gemma-3-1b-it,impression_regularized,100,42,Occ_Condyle_Fracture,69,85,7300,49,0.5073529411764706,0.44805194805194803,0.5847457627118644
gemma-3-1b-it,impression_regularized,100,42,C1_Fracture,30,9,7399,65,0.44776119402985076,0.7692307692307693,0.3157894736842105
gemma-3-1b-it,impression_regularized,100,42,C2_Fracture,119,30,7287,67,0.7104477611940299,0.7986577181208053,0.6397849462365591
gemma-3-1b-it,impression_regularized,100,42,C3_Fracture,42,34,7398,29,0.5714285714285714,0.5526315789473685,0.5915492957746479
gemma-3-1b-it,impression_regularized,100,42,C4_Fracture,45,29,7390,39,0.569620253,0.6081081081081081,0.5357142857142857
gemma-3-1b-it,impression_regularized,100,42,C5_Fracture,89,102,7267,45,0.5476923076923077,0.46596858638743455,0.664179104
gemma-3-1b-it,impression_regularized,100,42,C6_Fracture,95,89,7252,67,0.5491329479768786,0.5163043478260869,0.5864197530864198
gemma-3-1b-it,impression_regularized,100,42,C7_Fracture,102,65,7221,115,0.53125,0.6107784431137725,0.4700460829493088
gemma-3-1b-it,impression_regularized,100,42,Any_Fracture,430,126,6711,236,0.7037643207855974,0.7733812949640287,0.6456456456456456
gemma-3-1b-it,impression_regularized,100,58,Occ_Condyle_Fracture,67,29,7356,51,0.6261682242990654,0.6979166666666666,0.5677966101694916
gemma-3-1b-it,impression_regularized,100,58,C1_Fracture,57,29,7379,38,0.6298342541436464,0.6627906976744186,0.6
gemma-3-1b-it,impression_regularized,100,58,C2_Fracture,145,58,7261,41,0.7493540051679587,0.7213930348258707,0.7795698924731183
gemma-3-1b-it,impression_regularized,100,58,C3_Fracture,35,13,7419,36,0.5882352941176471,0.7291666666666666,0.49295774647887325
gemma-3-1b-it,impression_regularized,100,58,C4_Fracture,48,16,7403,36,0.6486486486486487,0.75,0.5714285714285714
gemma-3-1b-it,impression_regularized,100,58,C5_Fracture,68,18,7351,66,0.6181818181818182,0.7906976744186046,0.5074626865671642
gemma-3-1b-it,impression_regularized,100,58,C6_Fracture,97,18,7323,65,0.7003610108303249,0.8434782608695652,0.5987654320987654
gemma-3-1b-it,impression_regularized,100,58,C7_Fracture,118,16,7270,99,0.6723646723646723,0.8805970149253731,0.543778802
gemma-3-1b-it,impression_regularized,100,58,Any_Fracture,460,79,6758,206,0.7634854771784232,0.8534322820037106,0.6906906906906907
gemma-3-1b-it,impression_regularized,1064,1018,Occ_Condyle_Fracture,109,42,7341,9,0.8044280442804428,0.7124183006535948,0.923728814
gemma-3-1b-it,impression_regularized,1064,1018,C1_Fracture,76,21,7387,19,0.7916666666666666,0.7835051546391752,0.8
gemma-3-1b-it,impression_regularized,1064,1018,C2_Fracture,138,13,7304,48,0.8189910979228486,0.9139072847682119,0.7419354838709677
gemma-3-1b-it,impression_regularized,1064,1018,C3_Fracture,48,9,7423,23,0.75,0.8421052631578947,0.676056338
gemma-3-1b-it,impression_regularized,1064,1018,C4_Fracture,58,6,7413,28,0.7671232876712328,0.9032258064516129,0.6666666666666666
gemma-3-1b-it,impression_regularized,1064,1018,C5_Fracture,91,12,7357,43,0.7679324894514767,0.883495146,0.6791044776119403
gemma-3-1b-it,impression_regularized,1064,1018,C6_Fracture,128,5,7336,34,0.8677966101694915,0.9624060150375939,0.7901234567901234
gemma-3-1b-it,impression_regularized,1064,1018,C7_Fracture,156,9,7277,61,0.8167539267015707,0.9454545454545454,0.7188940092165899
gemma-3-1b-it,impression_regularized,1064,1018,Any_Fracture,535,53,6784,131,0.8532695374800638,0.9098639455782312,0.8033033033033034
gemma-3-1b-it,impression_regularized,1064,205,Occ_Condyle_Fracture,97,20,7365,21,0.825531915,0.8290598290598291,0.8220338983050848
gemma-3-1b-it,impression_regularized,1064,205,C1_Fracture,70,16,7392,25,0.7734806629834254,0.813953488,0.7368421052631579
gemma-3-1b-it,impression_regularized,1064,205,C2_Fracture,136,11,7306,50,0.8168168168168168,0.9251700680272109,0.7311827956989247
gemma-3-1b-it,impression_regularized,1064,205,C3_Fracture,37,2,7430,34,0.6727272727272727,0.9487179487179487,0.5211267605633803
gemma-3-1b-it,impression_regularized,1064,205,C4_Fracture,36,1,7418,48,0.5950413223140496,0.972972973,0.42857142857142855
gemma-3-1b-it,impression_regularized,1064,205,C5_Fracture,84,11,7358,50,0.7336244541484717,0.8842105263157894,0.6268656716417911
gemma-3-1b-it,impression_regularized,1064,205,C6_Fracture,131,5,7336,31,0.8791946308724832,0.9632352941176471,0.808641975
gemma-3-1b-it,impression_regularized,1064,205,C7_Fracture,165,7,7279,52,0.8483290488431876,0.9593023255813954,0.7603686635944701
gemma-3-1b-it,impression_regularized,1064,205,Any_Fracture,527,37,6800,139,0.8569105691056911,0.9343971631205674,0.7912912912912913
gemma-3-1b-it,impression_regularized,1064,209,Occ_Condyle_Fracture,89,11,7374,29,0.8165137614678899,0.89,0.7542372881355932
gemma-3-1b-it,impression_regularized,1064,209,C1_Fracture,66,20,7388,29,0.7292817679558011,0.7674418604651163,0.6947368421052632
gemma-3-1b-it,impression_regularized,1064,209,C2_Fracture,140,23,7294,46,0.8022922636103151,0.8588957055214724,0.7526881720430108
gemma-3-1b-it,impression_regularized,1064,209,C3_Fracture,42,20,7412,27,0.6518518518518519,0.6875,0.6197183098591549
gemma-3-1b-it,impression_regularized,1064,209,C4_Fracture,47,9,7410,37,0.6714285714285714,0.8392857142857143,0.5595238095238095
gemma-3-1b-it,impression_regularized,1064,209,C5_Fracture,82,16,7353,52,0.7068965517241379,0.8367346938775511,0.6119402985074627
gemma-3-1b-it,impression_regularized,1064,209,C6_Fracture,115,13,7328,47,0.7931034482758621,0.8984375,0.7098765432098766
gemma-3-1b-it,impression_regularized,1064,209,C7_Fracture,156,13,7273,61,0.8082901554404145,0.9230769230769231,0.7188940092165899
gemma-3-1b-it,impression_regularized,1064,209,Any_Fracture,501,39,6798,165,0.8308457711442786,0.9277777777777778,0.7522522522522522
gemma-3-1b-it,impression_regularized,1064,42,Occ_Condyle_Fracture,105,19,7366,13,0.8677685950413223,0.8467741935483871,0.8898305084745762
gemma-3-1b-it,impression_regularized,1064,42,C1_Fracture,69,17,7391,26,0.7624309392265194,0.8023255813953488,0.7263157894736842
gemma-3-1b-it,impression_regularized,1064,42,C2_Fracture,142,17,7300,42,0.8231884057971014,0.8930817610062893,0.7634408602150538
gemma-3-1b-it,impression_regularized,1064,42,C3_Fracture,42,6,7426,27,0.7272727272727273,0.88,0.6197183098591549
gemma-3-1b-it,impression_regularized,1064,42,C4_Fracture,50,7,7412,34,0.7092198581560284,0.8771929824561403,0.5952380952380952
gemma-3-1b-it,impression_regularized,1064,42,C5_Fracture,88,12,7357,46,0.7521367521367521,0.88,0.6567164179104478
gemma-3-1b-it,impression_regularized,1064,42,C6_Fracture,128,8,7333,34,0.8590604026845637,0.9411764705882353,0.7901234567901234
gemma-3-1b-it,impression_regularized,1064,42,C7_Fracture,171,12,7274,46,0.855,0.9344262295081968,0.7880184331797235
gemma-3-1b-it,impression_regularized,1064,42,Any_Fracture,540,43,6794,126,0.8646917534027222,0.9262435677530018,0.8108108108108109
gemma-3-1b-it,impression_regularized,1064,58,Occ_Condyle_Fracture,101,15,7370,17,0.8632478632478633,0.8706896551724138,0.8559322033898306
gemma-3-1b-it,impression_regularized,1064,58,C1_Fracture,68,13,7395,27,0.7727272727272727,0.8395061728395061,0.7157894736842105
gemma-3-1b-it,impression_regularized,1064,58,C2_Fracture,135,8,7309,51,0.8206686930091185,0.9440559440559441,0.7258064516129032
gemma-3-1b-it,impression_regularized,1064,58,C3_Fracture,40,4,7428,31,0.6956521739130435,0.9090909090909091,0.5633802816901409
gemma-3-1b-it,impression_regularized,1064,58,C4_Fracture,58,6,7413,28,0.7671232876712328,0.9032258064516129,0.6666666666666666
gemma-3-1b-it,impression_regularized,1064,58,C5_Fracture,95,21,7348,39,0.76,0.8189655172413793,0.7089552238805971
gemma-3-1b-it,impression_regularized,1064,58,C6_Fracture,126,8,7333,36,0.8513513513513513,0.9402985074626866,0.7777777777777778
gemma-3-1b-it,impression_regularized,1064,58,C7_Fracture,177,13,7273,40,0.8697788697788698,0.9315789473684211,0.815668203
gemma-3-1b-it,impression_regularized,1064,58,Any_Fracture,540,34,6803,126,0.8709677419354839,0.9407665505226481,0.8108108108108109
gemma-3-1b-it,impression_regularized,20,1018,Occ_Condyle_Fracture,85,393,6992,33,0.28523489932885904,0.17782426778242677,0.7203389830508474
gemma-3-1b-it,impression_regularized,20,1018,C1_Fracture,3,0,7408,92,0.061224489795918366,1,0.031578947368421054
gemma-3-1b-it,impression_regularized,20,1018,C2_Fracture,50,8,7309,136,0.4098360655737705,0.8620689655172413,0.26881720430107525
gemma-3-1b-it,impression_regularized,20,1018,C3_Fracture,32,65,7367,39,0.38095238095238093,0.32989690721649484,0.4507042253521127
gemma-3-1b-it,impression_regularized,20,1018,C4_Fracture,42,159,7260,40,0.30662020905923343,0.21674876847290642,0.5238095238095238
gemma-3-1b-it,impression_regularized,20,1018,C5_Fracture,85,328,7041,49,0.31078610603290674,0.20581113801452786,0.6343283582089553
gemma-3-1b-it,impression_regularized,20,1018,C6_Fracture,84,246,7095,78,0.34146341463414637,0.2545454545454545,0.5185185185185185
gemma-3-1b-it,impression_regularized,20,1018,C7_Fracture,103,151,7135,114,0.43736730360934184,0.40551181102362205,0.47465437788018433
gemma-3-1b-it,impression_regularized,20,1018,Any_Fracture,468,453,6384,198,0.5897920604914934,0.508143322,0.7027027027027027
gemma-3-1b-it,impression_regularized,20,205,Occ_Condyle_Fracture,89,440,6945,29,0.2751159196290572,0.16824196597353497,0.7542372881355932
gemma-3-1b-it,impression_regularized,20,205,C1_Fracture,17,1,7407,78,0.3008849557522124,0.9444444444444444,0.17894736842105263
gemma-3-1b-it,impression_regularized,20,205,C2_Fracture,34,2,7315,152,0.3063063063063063,0.9444444444444444,0.1827956989247312
gemma-3-1b-it,impression_regularized,20,205,C3_Fracture,23,28,7404,48,0.3770491803278688,0.45098039215686275,0.323943662
gemma-3-1b-it,impression_regularized,20,205,C4_Fracture,15,23,7396,69,0.2459016393442623,0.39473684210526316,0.17857142857142858
gemma-3-1b-it,impression_regularized,20,205,C5_Fracture,46,47,7322,88,0.4052863436123348,0.4946236559139785,0.34328358208955223
gemma-3-1b-it,impression_regularized,20,205,C6_Fracture,47,37,7304,115,0.3821138211382114,0.5595238095238095,0.29012345679012347
gemma-3-1b-it,impression_regularized,20,205,C7_Fracture,46,26,7260,171,0.31833910034602075,0.6388888888888888,0.2119815668202765
gemma-3-1b-it,impression_regularized,20,205,Any_Fracture,390,294,6543,276,0.5777777777777777,0.5701754385964912,0.5855855855855856
gemma-3-1b-it,impression_regularized,20,209,Occ_Condyle_Fracture,43,28,7357,75,0.455026455,0.6056338028169014,0.3644067796610169
gemma-3-1b-it,impression_regularized,20,209,C1_Fracture,0,0,7408,95,0,0,0
gemma-3-1b-it,impression_regularized,20,209,C2_Fracture,15,1,7316,171,0.1485148514851485,0.9375,0.080645161
gemma-3-1b-it,impression_regularized,20,209,C3_Fracture,15,4,7428,58,0.3333333333333333,0.7894736842105263,0.2112676056338028
gemma-3-1b-it,impression_regularized,20,209,C4_Fracture,13,7,7412,71,0.25,0.65,0.15476190476190477
gemma-3-1b-it,impression_regularized,20,209,C5_Fracture,46,26,7343,88,0.44660194174757284,0.6388888888888888,0.34328358208955223
gemma-3-1b-it,impression_regularized,20,209,C6_Fracture,61,24,7317,101,0.4939271255060729,0.7176470588235294,0.3765432098765432
gemma-3-1b-it,impression_regularized,20,209,C7_Fracture,84,22,7264,133,0.5201238390092879,0.7924528301886793,0.3870967741935484
gemma-3-1b-it,impression_regularized,20,209,Any_Fracture,232,30,6807,434,0.5,0.8854961832061069,0.3483483483483483
gemma-3-1b-it,impression_regularized,20,42,Occ_Condyle_Fracture,54,70,7315,64,0.4462809917355372,0.43548387096774194,0.4576271186440678
gemma-3-1b-it,impression_regularized,20,42,C1_Fracture,1,0,7408,94,0.020833333333333332,1,0.010526315789473684
gemma-3-1b-it,impression_regularized,20,42,C2_Fracture,16,2,7315,170,0.1568627450980392,0.8888888888888888,0.086021505
gemma-3-1b-it,impression_regularized,20,42,C3_Fracture,20,21,7411,51,0.35714285714285715,0.4878048780487805,0.28169014084507044
gemma-3-1b-it,impression_regularized,20,42,C4_Fracture,17,29,7390,67,0.26153846153846155,0.3695652173913043,0.20238095238095238
gemma-3-1b-it,impression_regularized,20,42,C5_Fracture,55,90,7279,79,0.3942652329749104,0.3793103448275862,0.41044776119402987
gemma-3-1b-it,impression_regularized,20,42,C6_Fracture,48,64,7277,114,0.35036496350364965,0.42857142857142855,0.2962962962962963
gemma-3-1b-it,impression_regularized,20,42,C7_Fracture,42,40,7246,175,0.2809364548494983,0.5121951219512195,0.1935483870967742
gemma-3-1b-it,impression_regularized,20,42,Any_Fracture,224,94,6743,442,0.45528455284552843,0.7044025157232704,0.33633633633633636
gemma-3-1b-it,impression_regularized,20,58,Occ_Condyle_Fracture,27,10,7375,91,0.34838709677419355,0.7297297297297297,0.2288135593220339
gemma-3-1b-it,impression_regularized,20,58,C1_Fracture,0,0,7408,95,0,0,0
gemma-3-1b-it,impression_regularized,20,58,C2_Fracture,15,2,7315,171,0.1477832512315271,0.8823529411764706,0.080645161
gemma-3-1b-it,impression_regularized,20,58,C3_Fracture,18,12,7420,53,0.3564356435643564,0.6,0.2535211267605634
gemma-3-1b-it,impression_regularized,20,58,C4_Fracture,15,15,7404,69,0.2631578947368421,0.5,0.17857142857142858
gemma-3-1b-it,impression_regularized,20,58,C5_Fracture,57,90,7279,77,0.40569395017793597,0.3877551020408163,0.4253731343283582
gemma-3-1b-it,impression_regularized,20,58,C6_Fracture,63,58,7283,99,0.4452296819787986,0.5206611570247934,0.3888888888888889
gemma-3-1b-it,impression_regularized,20,58,C7_Fracture,47,24,7262,170,0.3263888888888889,0.6619718309859155,0.21658986175115208
gemma-3-1b-it,impression_regularized,20,58,Any_Fracture,188,75,6762,478,0.4047362755651238,0.714828897,0.2822822822822823
gemma-3-1b-it,impression_regularized,500,1018,Occ_Condyle_Fracture,60,10,7375,58,0.6382978723404256,0.8571428571428571,0.5084745762711864
gemma-3-1b-it,impression_regularized,500,1018,C1_Fracture,52,23,7385,43,0.611764706,0.6933333333333334,0.5473684210526316
gemma-3-1b-it,impression_regularized,500,1018,C2_Fracture,129,17,7300,57,0.7771084337349398,0.8835616438356164,0.6935483870967742
gemma-3-1b-it,impression_regularized,500,1018,C3_Fracture,42,39,7393,29,0.5526315789473685,0.5185185185185185,0.5915492957746479
gemma-3-1b-it,impression_regularized,500,1018,C4_Fracture,38,18,7401,46,0.5428571428571428,0.6785714285714286,0.4523809523809524
gemma-3-1b-it,impression_regularized,500,1018,C5_Fracture,77,34,7335,57,0.6285714285714286,0.6936936936936937,0.5746268656716418
gemma-3-1b-it,impression_regularized,500,1018,C6_Fracture,103,26,7315,59,0.7079037800687286,0.7984496124031008,0.6358024691358025
gemma-3-1b-it,impression_regularized,500,1018,C7_Fracture,144,25,7261,73,0.7461139896373057,0.8520710059171598,0.66359447
gemma-3-1b-it,impression_regularized,500,1018,Any_Fracture,466,67,6770,200,0.7773144286905754,0.874296435,0.6996996996996997
gemma-3-1b-it,impression_regularized,500,205,Occ_Condyle_Fracture,99,42,7343,19,0.7644787644787645,0.7021276595744681,0.8389830508474576
gemma-3-1b-it,impression_regularized,500,205,C1_Fracture,68,40,7368,27,0.6699507389162561,0.6296296296296297,0.7157894736842105
gemma-3-1b-it,impression_regularized,500,205,C2_Fracture,133,14,7303,53,0.7987987987987988,0.9047619047619048,0.7150537634408602
gemma-3-1b-it,impression_regularized,500,205,C3_Fracture,33,11,7421,38,0.5739130434782609,0.75,0.4647887323943662
gemma-3-1b-it,impression_regularized,500,205,C4_Fracture,31,4,7415,53,0.5210084033613446,0.8857142857142857,0.36904761904761907
gemma-3-1b-it,impression_regularized,500,205,C5_Fracture,79,23,7346,55,0.6694915254237288,0.7745098039215687,0.5895522388059702
gemma-3-1b-it,impression_regularized,500,205,C6_Fracture,107,11,7330,55,0.7642857142857142,0.9067796610169492,0.6604938271604939
gemma-3-1b-it,impression_regularized,500,205,C7_Fracture,130,15,7271,87,0.7182320441988951,0.896551724,0.5990783410138248
gemma-3-1b-it,impression_regularized,500,205,Any_Fracture,492,69,6768,174,0.8019559902200489,0.8770053475935828,0.7387387387387387
gemma-3-1b-it,impression_regularized,500,209,Occ_Condyle_Fracture,72,23,7362,46,0.676056338,0.7578947368421053,0.6101694915254238
gemma-3-1b-it,impression_regularized,500,209,C1_Fracture,48,17,7391,47,0.6,0.7384615384615385,0.5052631578947369
gemma-3-1b-it,impression_regularized,500,209,C2_Fracture,118,19,7298,68,0.7306501547987616,0.8613138686131386,0.6344086021505376
gemma-3-1b-it,impression_regularized,500,209,C3_Fracture,36,21,7411,35,0.5625,0.631578947,0.5070422535211268
gemma-3-1b-it,impression_regularized,500,209,C4_Fracture,29,8,7411,55,0.4793388429752066,0.7837837837837838,0.34523809523809523
gemma-3-1b-it,impression_regularized,500,209,C5_Fracture,65,29,7340,69,0.5701754385964912,0.6914893617021277,0.48507462686567165
gemma-3-1b-it,impression_regularized,500,209,C6_Fracture,99,21,7320,63,0.7021276595744681,0.825,0.6111111111111112
gemma-3-1b-it,impression_regularized,500,209,C7_Fracture,116,14,7272,101,0.6685878962536023,0.8923076923076924,0.5345622119815668
gemma-3-1b-it,impression_regularized,500,209,Any_Fracture,442,66,6771,224,0.7529812606473595,0.8700787401574803,0.6636636636636637
gemma-3-1b-it,impression_regularized,500,42,Occ_Condyle_Fracture,45,3,7382,73,0.5421686746987951,0.9375,0.3813559322033898
gemma-3-1b-it,impression_regularized,500,42,C1_Fracture,51,17,7391,42,0.6257668711656442,0.75,0.5368421052631579
gemma-3-1b-it,impression_regularized,500,42,C2_Fracture,86,4,7313,100,0.6231884057971014,0.9555555555555556,0.46236559139784944
gemma-3-1b-it,impression_regularized,500,42,C3_Fracture,25,8,7424,46,0.4807692307692308,0.7575757575757576,0.352112676
gemma-3-1b-it,impression_regularized,500,42,C4_Fracture,28,7,7412,58,0.47058823529411764,0.8,0.3333333333333333
gemma-3-1b-it,impression_regularized,500,42,C5_Fracture,64,18,7351,70,0.5925925925925926,0.7804878048780488,0.47761194029850745
gemma-3-1b-it,impression_regularized,500,42,C6_Fracture,70,8,7333,92,0.5833333333333334,0.8974358974358975,0.43209876543209874
gemma-3-1b-it,impression_regularized,500,42,C7_Fracture,86,8,7278,131,0.5530546623794212,0.9148936170212766,0.39631336405529954
gemma-3-1b-it,impression_regularized,500,42,Any_Fracture,339,25,6812,327,0.658252427,0.9313186813186813,0.509009009
gemma-3-1b-it,impression_regularized,500,58,Occ_Condyle_Fracture,92,18,7367,26,0.8070175438596491,0.8363636363636363,0.7796610169491526
gemma-3-1b-it,impression_regularized,500,58,C1_Fracture,64,18,7390,31,0.7231638418079096,0.7804878048780488,0.6736842105263158
gemma-3-1b-it,impression_regularized,500,58,C2_Fracture,145,26,7291,41,0.8123249299719888,0.847953216,0.7795698924731183
gemma-3-1b-it,impression_regularized,500,58,C3_Fracture,42,27,7405,27,0.6197183098591549,0.6197183098591549,0.6197183098591549
gemma-3-1b-it,impression_regularized,500,58,C4_Fracture,42,21,7398,40,0.5906040268456376,0.676923077,0.5238095238095238
gemma-3-1b-it,impression_regularized,500,58,C5_Fracture,92,47,7322,42,0.673992674,0.6618705035971223,0.6865671641791045
gemma-3-1b-it,impression_regularized,500,58,C6_Fracture,122,32,7309,40,0.7721518987341772,0.7922077922077922,0.7530864197530864
gemma-3-1b-it,impression_regularized,500,58,C7_Fracture,133,11,7275,84,0.7368421052631579,0.9236111111111112,0.6129032258064516
gemma-3-1b-it,impression_regularized,500,58,Any_Fracture,498,54,6783,168,0.8177339901477833,0.9021739130434783,0.7477477477477478
gemma-3-1b-it,impression_regularized,800,1018,Occ_Condyle_Fracture,103,36,7349,15,0.8015564202334631,0.7410071942446043,0.8728813559322034
gemma-3-1b-it,impression_regularized,800,1018,C1_Fracture,72,39,7369,23,0.6990291262135923,0.6486486486486487,0.7578947368421053
gemma-3-1b-it,impression_regularized,800,1018,C2_Fracture,133,15,7302,53,0.7964071856287425,0.8986486486486487,0.7150537634408602
gemma-3-1b-it,impression_regularized,800,1018,C3_Fracture,38,6,7426,33,0.6608695652173913,0.8636363636363636,0.5352112676056338
gemma-3-1b-it,impression_regularized,800,1018,C4_Fracture,42,4,7415,40,0.6666666666666666,0.9166666666666666,0.5238095238095238
gemma-3-1b-it,impression_regularized,800,1018,C5_Fracture,82,15,7354,52,0.70995671,0.845360825,0.6119402985074627
gemma-3-1b-it,impression_regularized,800,1018,C6_Fracture,126,9,7332,36,0.8484848484848485,0.9333333333333333,0.7777777777777778
gemma-3-1b-it,impression_regularized,800,1018,C7_Fracture,165,14,7272,52,0.8333333333333334,0.9217877094972067,0.7603686635944701
gemma-3-1b-it,impression_regularized,800,1018,Any_Fracture,523,61,6776,143,0.8368,0.8955479452054794,0.7852852852852853
gemma-3-1b-it,impression_regularized,800,205,Occ_Condyle_Fracture,87,22,7363,31,0.7665198237885462,0.7981651376146789,0.7372881355932204
gemma-3-1b-it,impression_regularized,800,205,C1_Fracture,65,24,7384,30,0.7065217391304348,0.7303370786516854,0.6842105263157895
gemma-3-1b-it,impression_regularized,800,205,C2_Fracture,118,13,7304,68,0.7444794952681388,0.9007633587786259,0.6344086021505376
gemma-3-1b-it,impression_regularized,800,205,C3_Fracture,31,9,7423,40,0.5585585585585585,0.775,0.43661971830985913
gemma-3-1b-it,impression_regularized,800,205,C4_Fracture,36,4,7415,48,0.5806451612903226,0.9,0.42857142857142855
gemma-3-1b-it,impression_regularized,800,205,C5_Fracture,74,17,7352,60,0.6577777777777778,0.8131868131868132,0.5522388059701493
gemma-3-1b-it,impression_regularized,800,205,C6_Fracture,109,14,7327,53,0.7649122807017544,0.8861788617886179,0.6728395061728395
gemma-3-1b-it,impression_regularized,800,205,C7_Fracture,146,20,7266,71,0.762402089,0.8795180722891566,0.6728110599078341
gemma-3-1b-it,impression_regularized,800,205,Any_Fracture,467,48,6789,199,0.7908552074513124,0.9067961165048544,0.7012012012012012
gemma-3-1b-it,impression_regularized,800,209,Occ_Condyle_Fracture,77,7,7378,41,0.7623762376237624,0.9166666666666666,0.652542373
gemma-3-1b-it,impression_regularized,800,209,C1_Fracture,68,23,7385,27,0.7311827956989247,0.7472527472527473,0.7157894736842105
gemma-3-1b-it,impression_regularized,800,209,C2_Fracture,129,18,7299,57,0.7747747747747747,0.8775510204081632,0.6935483870967742
gemma-3-1b-it,impression_regularized,800,209,C3_Fracture,32,9,7423,39,0.5714285714285714,0.7804878048780488,0.4507042253521127
gemma-3-1b-it,impression_regularized,800,209,C4_Fracture,37,9,7410,47,0.5692307692307692,0.8043478260869565,0.44047619047619047
gemma-3-1b-it,impression_regularized,800,209,C5_Fracture,73,14,7355,61,0.6606334841628959,0.8390804597701149,0.5447761194029851
gemma-3-1b-it,impression_regularized,800,209,C6_Fracture,106,8,7333,58,0.7681159420289855,0.9298245614035088,0.654320988
gemma-3-1b-it,impression_regularized,800,209,C7_Fracture,136,8,7278,81,0.7534626038781164,0.9444444444444444,0.6267281105990783
gemma-3-1b-it,impression_regularized,800,209,Any_Fracture,456,29,6808,210,0.792354474,0.9402061855670103,0.6846846846846847
gemma-3-1b-it,impression_regularized,800,42,Occ_Condyle_Fracture,103,36,7349,15,0.8015564202334631,0.7410071942446043,0.8728813559322034
gemma-3-1b-it,impression_regularized,800,42,C1_Fracture,72,39,7369,23,0.6990291262135923,0.6486486486486487,0.7578947368421053
gemma-3-1b-it,impression_regularized,800,42,C2_Fracture,133,15,7302,53,0.7964071856287425,0.8986486486486487,0.7150537634408602
gemma-3-1b-it,impression_regularized,800,42,C3_Fracture,38,6,7426,33,0.6608695652173913,0.8636363636363636,0.5352112676056338
gemma-3-1b-it,impression_regularized,800,42,C4_Fracture,42,4,7415,40,0.6666666666666666,0.9166666666666666,0.5238095238095238
gemma-3-1b-it,impression_regularized,800,42,C5_Fracture,82,15,7354,52,0.70995671,0.845360825,0.6119402985074627
gemma-3-1b-it,impression_regularized,800,42,C6_Fracture,126,9,7332,36,0.8484848484848485,0.9333333333333333,0.7777777777777778
gemma-3-1b-it,impression_regularized,800,42,C7_Fracture,165,14,7272,52,0.8333333333333334,0.9217877094972067,0.7603686635944701
gemma-3-1b-it,impression_regularized,800,42,Any_Fracture,523,61,6776,143,0.8368,0.8955479452054794,0.7852852852852853
gemma-3-1b-it,impression_regularized,800,58,Occ_Condyle_Fracture,99,24,7361,19,0.8215767634854771,0.8048780487804879,0.8389830508474576
gemma-3-1b-it,impression_regularized,800,58,C1_Fracture,62,24,7384,33,0.6850828729281768,0.7209302325581395,0.6526315789473685
gemma-3-1b-it,impression_regularized,800,58,C2_Fracture,136,25,7292,50,0.7838616714697406,0.844720497,0.7311827956989247
gemma-3-1b-it,impression_regularized,800,58,C3_Fracture,40,21,7411,31,0.6060606060606061,0.6557377049180327,0.5633802816901409
gemma-3-1b-it,impression_regularized,800,58,C4_Fracture,43,12,7407,41,0.6187050359712231,0.7818181818181819,0.5119047619047619
gemma-3-1b-it,impression_regularized,800,58,C5_Fracture,85,35,7334,49,0.6692913385826772,0.7083333333333334,0.6343283582089553
gemma-3-1b-it,impression_regularized,800,58,C6_Fracture,123,32,7309,39,0.7760252365930599,0.7935483870967742,0.7592592592592593
gemma-3-1b-it,impression_regularized,800,58,C7_Fracture,162,23,7263,55,0.8059701492537313,0.8756756756756757,0.7465437788018433
gemma-3-1b-it,impression_regularized,800,58,Any_Fracture,524,86,6751,142,0.8213166144200627,0.8590163934426229,0.7867867867867868
gemma-3-4b-it,impression_regularized,100,1018,Occ_Condyle_Fracture,108,16,7369,10,0.8925619834710744,0.8709677419354839,0.9152542372881356
gemma-3-4b-it,impression_regularized,100,1018,C1_Fracture,87,43,7365,8,0.7733333333333333,0.6692307692307692,0.9157894736842105
gemma-3-4b-it,impression_regularized,100,1018,C2_Fracture,179,43,7274,7,0.8774509803921569,0.8063063063063063,0.9623655913978495
gemma-3-4b-it,impression_regularized,100,1018,C3_Fracture,65,58,7376,6,0.6770833333333334,0.5371900826446281,0.9154929577464789
gemma-3-4b-it,impression_regularized,100,1018,C4_Fracture,77,62,7357,7,0.6905829596412556,0.5539568345323741,0.9166666666666666
gemma-3-4b-it,impression_regularized,100,1018,C5_Fracture,119,54,7315,15,0.7752442996742671,0.6878612716763006,0.8880597014925373
gemma-3-4b-it,impression_regularized,100,1018,C6_Fracture,156,66,7275,6,0.8125,0.7027027027027027,0.9629629629629629
gemma-3-4b-it,impression_regularized,100,1018,C7_Fracture,191,27,7259,26,0.8781609195402299,0.8761467889908257,0.880184332
gemma-3-4b-it,impression_regularized,100,1018,Any_Fracture,634,146,6691,32,0.8769017980636238,0.8128205128205128,0.9519519519519519
gemma-3-4b-it,impression_regularized,100,205,Occ_Condyle_Fracture,106,15,7370,12,0.8870292887029289,0.8760330578512396,0.8983050847457628
gemma-3-4b-it,impression_regularized,100,205,C1_Fracture,82,14,7394,13,0.8586387434554974,0.8541666666666666,0.8631578947368421
gemma-3-4b-it,impression_regularized,100,205,C2_Fracture,170,12,7305,16,0.9239130434782609,0.9340659340659341,0.9139784946236559
gemma-3-4b-it,impression_regularized,100,205,C3_Fracture,63,12,7420,8,0.863013699,0.84,0.8873239436619719
gemma-3-4b-it,impression_regularized,100,205,C4_Fracture,74,8,7411,10,0.891566265,0.9024390243902439,0.8809523809523809
gemma-3-4b-it,impression_regularized,100,205,C5_Fracture,105,5,7364,29,0.860655738,0.9545454545454546,0.7835820895522388
gemma-3-4b-it,impression_regularized,100,205,C6_Fracture,141,12,7329,21,0.8952380952380953,0.9215686274509803,0.8703703703703703
gemma-3-4b-it,impression_regularized,100,205,C7_Fracture,174,9,7277,43,0.87,0.9508196721311475,0.8018433179723502
gemma-3-4b-it,impression_regularized,100,205,Any_Fracture,591,32,6805,75,0.9169899146625291,0.9486356340288925,0.8873873873873874
gemma-3-4b-it,impression_regularized,100,209,Occ_Condyle_Fracture,111,27,7358,7,0.8671875,0.8043478260869565,0.940677966
gemma-3-4b-it,impression_regularized,100,209,C1_Fracture,84,43,7365,11,0.7567567567567568,0.6614173228346457,0.8842105263157894
gemma-3-4b-it,impression_regularized,100,209,C2_Fracture,174,20,7297,12,0.9157894736842105,0.8969072164948454,0.9354838709677419
gemma-3-4b-it,impression_regularized,100,209,C3_Fracture,63,26,7406,8,0.7875,0.7078651685393258,0.8873239436619719
gemma-3-4b-it,impression_regularized,100,209,C4_Fracture,77,25,7394,7,0.8279569892473119,0.7549019607843137,0.9166666666666666
gemma-3-4b-it,impression_regularized,100,209,C5_Fracture,112,25,7344,22,0.8265682656826568,0.8175182481751825,0.835820896
gemma-3-4b-it,impression_regularized,100,209,C6_Fracture,151,33,7308,11,0.8728323699421965,0.8206521739130435,0.9320987654320988
gemma-3-4b-it,impression_regularized,100,209,C7_Fracture,190,14,7272,27,0.9026128266033254,0.9313725490196079,0.8755760368663594
gemma-3-4b-it,impression_regularized,100,209,Any_Fracture,623,78,6759,43,0.9114850036576445,0.8887303851640513,0.9354354354354354
gemma-3-4b-it,impression_regularized,100,42,Occ_Condyle_Fracture,104,2,7383,14,0.9285714285714286,0.9811320754716981,0.8813559322033898
gemma-3-4b-it,impression_regularized,100,42,C1_Fracture,82,24,7384,13,0.8159203980099502,0.7735849056603774,0.8631578947368421
gemma-3-4b-it,impression_regularized,100,42,C2_Fracture,172,11,7306,14,0.9322493224932249,0.9398907103825137,0.9247311827956989
gemma-3-4b-it,impression_regularized,100,42,C3_Fracture,63,18,7414,8,0.8289473684210527,0.7777777777777778,0.8873239436619719
gemma-3-4b-it,impression_regularized,100,42,C4_Fracture,75,13,7406,9,0.872093023,0.8522727272727273,0.8928571428571429
gemma-3-4b-it,impression_regularized,100,42,C5_Fracture,109,10,7359,25,0.8616600790513834,0.9159663865546218,0.8134328358208955
gemma-3-4b-it,impression_regularized,100,42,C6_Fracture,148,21,7320,14,0.8942598187311178,0.8757396449704142,0.9135802469135802
gemma-3-4b-it,impression_regularized,100,42,C7_Fracture,186,10,7276,31,0.9007263922518159,0.9489795918367347,0.8571428571428571
gemma-3-4b-it,impression_regularized,100,42,Any_Fracture,608,35,6802,58,0.9289533995416348,0.9455676516329704,0.9129129129129129
gemma-3-4b-it,impression_regularized,100,58,Occ_Condyle_Fracture,110,25,7360,8,0.8695652173913043,0.8148148148148148,0.9322033898305084
gemma-3-4b-it,impression_regularized,100,58,C1_Fracture,86,27,7381,9,0.8269230769230769,0.7610619469026548,0.9052631578947369
gemma-3-4b-it,impression_regularized,100,58,C2_Fracture,174,18,7299,12,0.9206349206349206,0.90625,0.9354838709677419
gemma-3-4b-it,impression_regularized,100,58,C3_Fracture,64,24,7408,7,0.8050314465408805,0.7272727272727273,0.9014084507042254
gemma-3-4b-it,impression_regularized,100,58,C4_Fracture,76,19,7400,8,0.8491620111731844,0.8,0.9047619047619048
gemma-3-4b-it,impression_regularized,100,58,C5_Fracture,113,20,7349,21,0.846441948,0.84962406,0.8432835820895522
gemma-3-4b-it,impression_regularized,100,58,C6_Fracture,152,30,7311,10,0.8837209302325582,0.8351648351648352,0.9382716049382716
gemma-3-4b-it,impression_regularized,100,58,C7_Fracture,191,16,7270,26,0.9009433962264151,0.9227053140096618,0.880184332
gemma-3-4b-it,impression_regularized,100,58,Any_Fracture,629,78,6759,37,0.9162418062636563,0.8896746817538896,0.9444444444444444
gemma-3-4b-it,impression_regularized,1064,1018,Occ_Condyle_Fracture,109,17,7368,9,0.8934426229508197,0.8650793650793651,0.923728814
gemma-3-4b-it,impression_regularized,1064,1018,C1_Fracture,86,6,7402,9,0.9197860962566845,0.9347826086956522,0.9052631578947369
gemma-3-4b-it,impression_regularized,1064,1018,C2_Fracture,179,14,7303,7,0.9445910290237467,0.92746114,0.9623655913978495
gemma-3-4b-it,impression_regularized,1064,1018,C3_Fracture,63,9,7423,8,0.8811188811188811,0.875,0.8873239436619719
gemma-3-4b-it,impression_regularized,1064,1018,C4_Fracture,72,5,7414,12,0.8944099378881988,0.935064935,0.8571428571428571
gemma-3-4b-it,impression_regularized,1064,1018,C5_Fracture,111,6,7363,23,0.8844621513944223,0.9487179487179487,0.8283582089552238
gemma-3-4b-it,impression_regularized,1064,1018,C6_Fracture,145,9,7332,17,0.9177215189873418,0.9415584415584416,0.8950617283950617
gemma-3-4b-it,impression_regularized,1064,1018,C7_Fracture,196,9,7277,21,0.9289099526066351,0.9560975609756097,0.9032258064516129
gemma-3-4b-it,impression_regularized,1064,1018,Any_Fracture,632,40,6797,34,0.9446935724962631,0.9404761904761905,0.948948949
gemma-3-4b-it,impression_regularized,1064,205,Occ_Condyle_Fracture,111,35,7350,7,0.8409090909090909,0.7602739726027398,0.940677966
gemma-3-4b-it,impression_regularized,1064,205,C1_Fracture,87,8,7400,8,0.9157894736842105,0.9157894736842105,0.9157894736842105
gemma-3-4b-it,impression_regularized,1064,205,C2_Fracture,174,9,7308,12,0.943089431,0.9508196721311475,0.9354838709677419
gemma-3-4b-it,impression_regularized,1064,205,C3_Fracture,64,10,7422,7,0.8827586206896552,0.8648648648648649,0.9014084507042254
gemma-3-4b-it,impression_regularized,1064,205,C4_Fracture,73,5,7414,11,0.9012345679012346,0.9358974358974359,0.8690476190476191
gemma-3-4b-it,impression_regularized,1064,205,C5_Fracture,110,6,7363,24,0.88,0.9482758620689655,0.8208955223880597
gemma-3-4b-it,impression_regularized,1064,205,C6_Fracture,146,4,7337,16,0.9358974358974359,0.9733333333333334,0.9012345679012346
gemma-3-4b-it,impression_regularized,1064,205,C7_Fracture,198,9,7277,19,0.9339622641509434,0.9565217391304348,0.9124423963133641
gemma-3-4b-it,impression_regularized,1064,205,Any_Fracture,635,49,6788,31,0.9407407407407408,0.9283625730994152,0.9534534534534534
gemma-3-4b-it,impression_regularized,1064,209,Occ_Condyle_Fracture,104,3,7382,14,0.9244444444444444,0.9719626168224299,0.8813559322033898
gemma-3-4b-it,impression_regularized,1064,209,C1_Fracture,82,3,7405,13,0.9111111111111111,0.9647058823529412,0.8631578947368421
gemma-3-4b-it,impression_regularized,1064,209,C2_Fracture,172,6,7311,14,0.945054945,0.9662921348314607,0.9247311827956989
gemma-3-4b-it,impression_regularized,1064,209,C3_Fracture,63,11,7421,8,0.8689655172413793,0.8513513513513513,0.8873239436619719
gemma-3-4b-it,impression_regularized,1064,209,C4_Fracture,74,7,7412,10,0.896969697,0.9135802469135802,0.8809523809523809
gemma-3-4b-it,impression_regularized,1064,209,C5_Fracture,110,2,7367,24,0.8943089430894309,0.9821428571428571,0.8208955223880597
gemma-3-4b-it,impression_regularized,1064,209,C6_Fracture,149,5,7336,13,0.9430379746835443,0.9675324675324676,0.9197530864197531
gemma-3-4b-it,impression_regularized,1064,209,C7_Fracture,196,12,7274,21,0.9223529411764706,0.9423076923076923,0.9032258064516129
gemma-3-4b-it,impression_regularized,1064,209,Any_Fracture,621,24,6813,45,0.9473684210526315,0.9627906976744186,0.9324324324324325
gemma-3-4b-it,impression_regularized,1064,42,Occ_Condyle_Fracture,101,3,7382,17,0.9099099099099099,0.9711538461538461,0.8559322033898306
gemma-3-4b-it,impression_regularized,1064,42,C1_Fracture,79,1,7407,16,0.9028571428571428,0.9875,0.8315789473684211
gemma-3-4b-it,impression_regularized,1064,42,C2_Fracture,178,7,7310,8,0.9595687331536388,0.9621621621621622,0.956989247
gemma-3-4b-it,impression_regularized,1064,42,C3_Fracture,64,10,7422,7,0.8827586206896552,0.8648648648648649,0.9014084507042254
gemma-3-4b-it,impression_regularized,1064,42,C4_Fracture,73,6,7413,11,0.8957055214723927,0.9240506329113924,0.8690476190476191
gemma-3-4b-it,impression_regularized,1064,42,C5_Fracture,113,10,7359,21,0.8793774319066148,0.9186991869918699,0.8432835820895522
gemma-3-4b-it,impression_regularized,1064,42,C6_Fracture,150,11,7330,12,0.9287925696594427,0.9316770186335404,0.9259259259259259
gemma-3-4b-it,impression_regularized,1064,42,C7_Fracture,184,5,7281,33,0.9064039408866995,0.9735449735449735,0.847926267
gemma-3-4b-it,impression_regularized,1064,42,Any_Fracture,615,25,6812,51,0.9418070444104135,0.9609375,0.9234234234234234
gemma-3-4b-it,impression_regularized,1064,58,Occ_Condyle_Fracture,109,5,7380,9,0.9396551724137931,0.956140351,0.923728814
gemma-3-4b-it,impression_regularized,1064,58,C1_Fracture,84,3,7405,11,0.9230769230769231,0.9655172413793104,0.8842105263157894
gemma-3-4b-it,impression_regularized,1064,58,C2_Fracture,176,11,7306,10,0.9436997319034852,0.9411764705882353,0.946236559
gemma-3-4b-it,impression_regularized,1064,58,C3_Fracture,65,11,7421,6,0.8843537414965986,0.8552631578947368,0.9154929577464789
gemma-3-4b-it,impression_regularized,1064,58,C4_Fracture,74,8,7411,10,0.891566265,0.9024390243902439,0.8809523809523809
gemma-3-4b-it,impression_regularized,1064,58,C5_Fracture,114,13,7356,20,0.8735632183908046,0.8976377952755905,0.8507462686567164
gemma-3-4b-it,impression_regularized,1064,58,C6_Fracture,150,15,7326,12,0.9174311926605505,0.9090909090909091,0.9259259259259259
gemma-3-4b-it,impression_regularized,1064,58,C7_Fracture,197,11,7275,20,0.9270588235294117,0.9471153846153846,0.9078341013824884
gemma-3-4b-it,impression_regularized,1064,58,Any_Fracture,636,47,6790,30,0.9429206819866568,0.931185944,0.954954955
gemma-3-4b-it,impression_regularized,20,1018,Occ_Condyle_Fracture,113,38,7347,5,0.8401486988847584,0.7483443708609272,0.9576271186440678
gemma-3-4b-it,impression_regularized,20,1018,C1_Fracture,88,58,7352,7,0.7364016736401674,0.6111111111111112,0.9263157894736842
gemma-3-4b-it,impression_regularized,20,1018,C2_Fracture,179,42,7275,7,0.8796068796068796,0.8099547511312217,0.9623655913978495
gemma-3-4b-it,impression_regularized,20,1018,C3_Fracture,66,59,7373,5,0.673469388,0.528,0.9295774647887324
gemma-3-4b-it,impression_regularized,20,1018,C4_Fracture,78,59,7360,6,0.7058823529411765,0.5693430656934306,0.9285714285714286
gemma-3-4b-it,impression_regularized,20,1018,C5_Fracture,118,52,7317,16,0.7763157894736842,0.6941176470588235,0.8805970149253731
gemma-3-4b-it,impression_regularized,20,1018,C6_Fracture,154,59,7282,8,0.8213333333333334,0.7230046948356808,0.9506172839506173
gemma-3-4b-it,impression_regularized,20,1018,C7_Fracture,194,29,7257,23,0.8818181818181818,0.8699551569506726,0.8940092165898618
gemma-3-4b-it,impression_regularized,20,1018,Any_Fracture,637,173,6664,29,0.8631436314363143,0.7864197530864198,0.9564564564564565
gemma-3-4b-it,impression_regularized,20,205,Occ_Condyle_Fracture,113,28,7357,5,0.8725868725868726,0.8014184397163121,0.9576271186440678
gemma-3-4b-it,impression_regularized,20,205,C1_Fracture,90,65,7343,5,0.72,0.5806451612903226,0.9473684210526315
gemma-3-4b-it,impression_regularized,20,205,C2_Fracture,178,38,7279,8,0.8855721393034826,0.8240740740740741,0.956989247
gemma-3-4b-it,impression_regularized,20,205,C3_Fracture,67,61,7371,4,0.6733668341708543,0.5234375,0.9436619718309859
gemma-3-4b-it,impression_regularized,20,205,C4_Fracture,77,58,7363,7,0.7096774193548387,0.5789473684210527,0.9166666666666666
gemma-3-4b-it,impression_regularized,20,205,C5_Fracture,117,48,7321,17,0.782608696,0.7090909090909091,0.8731343283582089
gemma-3-4b-it,impression_regularized,20,205,C6_Fracture,152,51,7290,10,0.8328767123287671,0.7487684729064039,0.9382716049382716
gemma-3-4b-it,impression_regularized,20,205,C7_Fracture,194,25,7261,23,0.8899082568807339,0.8858447488584474,0.8940092165898618
gemma-3-4b-it,impression_regularized,20,205,Any_Fracture,637,150,6687,29,0.8768066070199587,0.8094027954256671,0.9564564564564565
gemma-3-4b-it,impression_regularized,20,209,Occ_Condyle_Fracture,111,34,7351,7,0.844106464,0.7655172413793103,0.940677966
gemma-3-4b-it,impression_regularized,20,209,C1_Fracture,88,57,7351,7,0.7333333333333333,0.6068965517241379,0.9263157894736842
gemma-3-4b-it,impression_regularized,20,209,C2_Fracture,175,34,7283,11,0.8860759493670886,0.8373205741626795,0.9408602150537635
gemma-3-4b-it,impression_regularized,20,209,C3_Fracture,66,50,7382,5,0.7058823529411765,0.5689655172413793,0.9295774647887324
gemma-3-4b-it,impression_regularized,20,209,C4_Fracture,77,48,7371,7,0.7368421052631579,0.616,0.9166666666666666
gemma-3-4b-it,impression_regularized,20,209,C5_Fracture,113,40,7329,21,0.7874564459930313,0.738562092,0.8432835820895522
gemma-3-4b-it,impression_regularized,20,209,C6_Fracture,152,46,7295,10,0.8444444444444444,0.7676767676767676,0.9382716049382716
gemma-3-4b-it,impression_regularized,20,209,C7_Fracture,194,28,7258,23,0.8838268792710706,0.8738738738738738,0.8940092165898618
gemma-3-4b-it,impression_regularized,20,209,Any_Fracture,632,134,6703,34,0.882681564,0.825065274,0.948948949
gemma-3-4b-it,impression_regularized,20,42,Occ_Condyle_Fracture,112,32,7353,6,0.8549618320610687,0.7777777777777778,0.9491525423728814
gemma-3-4b-it,impression_regularized,20,42,C1_Fracture,88,50,7358,7,0.7553648068669528,0.6376811594202898,0.9263157894736842
gemma-3-4b-it,impression_regularized,20,42,C2_Fracture,178,36,7281,8,0.89,0.8317757009345794,0.956989247
gemma-3-4b-it,impression_regularized,20,42,C3_Fracture,66,53,7379,5,0.6947368421052632,0.5546218487394958,0.9295774647887324
gemma-3-4b-it,impression_regularized,20,42,C4_Fracture,77,47,7372,7,0.7403846153846154,0.6209677419354839,0.9166666666666666
gemma-3-4b-it,impression_regularized,20,42,C5_Fracture,116,43,7326,18,0.7918088737201365,0.7295597484276729,0.8656716417910447
gemma-3-4b-it,impression_regularized,20,42,C6_Fracture,154,47,7294,8,0.8484848484848485,0.7661691542288557,0.9506172839506173
gemma-3-4b-it,impression_regularized,20,42,C7_Fracture,194,25,7261,23,0.8899082568807339,0.8858447488584474,0.8940092165898618
gemma-3-4b-it,impression_regularized,20,42,Any_Fracture,637,138,6699,29,0.8841082581540597,0.8219354838709677,0.9564564564564565
gemma-3-4b-it,impression_regularized,20,58,Occ_Condyle_Fracture,113,33,7352,5,0.8560606060606061,0.773972603,0.9576271186440678
gemma-3-4b-it,impression_regularized,20,58,C1_Fracture,88,63,7345,7,0.7154471544715447,0.5827814569536424,0.9263157894736842
gemma-3-4b-it,impression_regularized,20,58,C2_Fracture,178,41,7276,8,0.8790123456790123,0.8127853881278538,0.956989247
gemma-3-4b-it,impression_regularized,20,58,C3_Fracture,66,61,7371,5,0.6666666666666666,0.5196850393700787,0.9295774647887324
gemma-3-4b-it,impression_regularized,20,58,C4_Fracture,78,52,7367,6,0.7289719626168224,0.6,0.9285714285714286
gemma-3-4b-it,impression_regularized,20,58,C5_Fracture,119,49,7320,15,0.7880794701986755,0.7083333333333334,0.8880597014925373
gemma-3-4b-it,impression_regularized,20,58,C6_Fracture,156,52,7289,6,0.8432432432432433,0.75,0.9629629629629629
gemma-3-4b-it,impression_regularized,20,58,C7_Fracture,196,29,7257,21,0.8868778280542986,0.8711111111111111,0.9032258064516129
gemma-3-4b-it,impression_regularized,20,58,Any_Fracture,641,162,6675,25,0.8727025187202179,0.7982565379825654,0.9624624624624625
gemma-3-4b-it,impression_regularized,500,1018,Occ_Condyle_Fracture,108,4,7381,10,0.9391304347826087,0.9642857142857143,0.9152542372881356
gemma-3-4b-it,impression_regularized,500,1018,C1_Fracture,86,15,7393,9,0.8775510204081632,0.8514851485148515,0.9052631578947369
gemma-3-4b-it,impression_regularized,500,1018,C2_Fracture,177,16,7301,9,0.9340369393139841,0.917098446,0.9516129032258065
gemma-3-4b-it,impression_regularized,500,1018,C3_Fracture,65,18,7414,6,0.8441558441558441,0.7831325301204819,0.9154929577464789
gemma-3-4b-it,impression_regularized,500,1018,C4_Fracture,77,14,7405,7,0.88,0.8461538461538461,0.9166666666666666
gemma-3-4b-it,impression_regularized,500,1018,C5_Fracture,111,13,7356,23,0.8604651162790697,0.8951612903225806,0.8283582089552238
gemma-3-4b-it,impression_regularized,500,1018,C6_Fracture,154,23,7318,8,0.9085545722713865,0.8700564971751412,0.9506172839506173
gemma-3-4b-it,impression_regularized,500,1018,C7_Fracture,194,11,7275,23,0.91943128,0.9463414634146341,0.8940092165898618
gemma-3-4b-it,impression_regularized,500,1018,Any_Fracture,627,37,6800,39,0.9428571428571428,0.9442771084337349,0.9414414414414415
gemma-3-4b-it,impression_regularized,500,205,Occ_Condyle_Fracture,107,9,7376,11,0.9145299145299145,0.9224137931034483,0.9067796610169492
gemma-3-4b-it,impression_regularized,500,205,C1_Fracture,85,19,7389,10,0.8542713567839196,0.8173076923076923,0.8947368421052632
gemma-3-4b-it,impression_regularized,500,205,C2_Fracture,178,11,7306,8,0.9493333333333334,0.9417989417989417,0.956989247
gemma-3-4b-it,impression_regularized,500,205,C3_Fracture,65,17,7415,6,0.8496732026143791,0.7926829268292683,0.9154929577464789
gemma-3-4b-it,impression_regularized,500,205,C4_Fracture,76,13,7406,8,0.8786127167630058,0.8539325842696629,0.9047619047619048
gemma-3-4b-it,impression_regularized,500,205,C5_Fracture,111,12,7357,23,0.8638132295719845,0.9024390243902439,0.8283582089552238
gemma-3-4b-it,impression_regularized,500,205,C6_Fracture,153,16,7325,9,0.9244712990936556,0.9053254437869822,0.9444444444444444
gemma-3-4b-it,impression_regularized,500,205,C7_Fracture,188,9,7277,29,0.9082125603864735,0.9543147208121827,0.8663594470046083
gemma-3-4b-it,impression_regularized,500,205,Any_Fracture,630,45,6792,36,0.9395973154362416,0.9333333333333333,0.9459459459459459
gemma-3-4b-it,impression_regularized,500,209,Occ_Condyle_Fracture,102,7,7378,16,0.8986784140969163,0.9357798165137615,0.86440678
gemma-3-4b-it,impression_regularized,500,209,C1_Fracture,89,36,7372,6,0.8090909090909091,0.712,0.9368421052631579
gemma-3-4b-it,impression_regularized,500,209,C2_Fracture,176,19,7298,10,0.9238845144356955,0.9025641025641026,0.946236559
gemma-3-4b-it,impression_regularized,500,209,C3_Fracture,60,8,7424,11,0.8633093525179856,0.8823529411764706,0.8450704225352113
gemma-3-4b-it,impression_regularized,500,209,C4_Fracture,68,6,7413,16,0.8607594936708861,0.918918919,0.8095238095238095
gemma-3-4b-it,impression_regularized,500,209,C5_Fracture,110,10,7359,24,0.8661417322834646,0.9166666666666666,0.8208955223880597
gemma-3-4b-it,impression_regularized,500,209,C6_Fracture,147,8,7333,15,0.9274447949526814,0.9483870967741935,0.9074074074074074
gemma-3-4b-it,impression_regularized,500,209,C7_Fracture,185,5,7281,32,0.9090909090909091,0.9736842105263158,0.8525345622119815
gemma-3-4b-it,impression_regularized,500,209,Any_Fracture,610,39,6798,58,0.9277566539923955,0.9399075500770416,0.9159159159159159
gemma-3-4b-it,impression_regularized,500,42,Occ_Condyle_Fracture,106,6,7379,12,0.9217391304347826,0.9464285714285714,0.8983050847457628
gemma-3-4b-it,impression_regularized,500,42,C1_Fracture,84,8,7400,11,0.8983957219251337,0.9130434782608695,0.8842105263157894
gemma-3-4b-it,impression_regularized,500,42,C2_Fracture,176,17,7300,10,0.9287598944591029,0.9119170984455959,0.946236559
gemma-3-4b-it,impression_regularized,500,42,C3_Fracture,65,32,7400,6,0.7738095238095238,0.6701030927835051,0.9154929577464789
gemma-3-4b-it,impression_regularized,500,42,C4_Fracture,77,24,7395,7,0.8324324324324325,0.7623762376237624,0.9166666666666666
gemma-3-4b-it,impression_regularized,500,42,C5_Fracture,116,21,7348,18,0.8560885608856088,0.8467153284671532,0.8656716417910447
gemma-3-4b-it,impression_regularized,500,42,C6_Fracture,153,30,7311,9,0.8869565217391304,0.8360655737704918,0.9444444444444444
gemma-3-4b-it,impression_regularized,500,42,C7_Fracture,193,13,7273,24,0.9125295508274232,0.9368932038834952,0.8894009216589862
gemma-3-4b-it,impression_regularized,500,42,Any_Fracture,623,47,6790,43,0.9326347305389222,0.9298507462686567,0.9354354354354354
gemma-3-4b-it,impression_regularized,500,58,Occ_Condyle_Fracture,109,6,7379,9,0.9356223175965666,0.9478260869565217,0.923728814
gemma-3-4b-it,impression_regularized,500,58,C1_Fracture,83,3,7405,12,0.9171270718232044,0.9651162790697675,0.8736842105263158
gemma-3-4b-it,impression_regularized,500,58,C2_Fracture,166,5,7312,20,0.9299719887955182,0.9707602339181286,0.8924731182795699
gemma-3-4b-it,impression_regularized,500,58,C3_Fracture,64,21,7411,7,0.8205128205128205,0.7529411764705882,0.9014084507042254
gemma-3-4b-it,impression_regularized,500,58,C4_Fracture,75,7,7412,9,0.9036144578313253,0.9146341463414634,0.8928571428571429
gemma-3-4b-it,impression_regularized,500,58,C5_Fracture,111,11,7358,23,0.8671875,0.9098360655737705,0.8283582089552238
gemma-3-4b-it,impression_regularized,500,58,C6_Fracture,150,14,7327,12,0.9202453987730062,0.9146341463414634,0.9259259259259259
gemma-3-4b-it,impression_regularized,500,58,C7_Fracture,188,9,7277,29,0.9082125603864735,0.9543147208121827,0.8663594470046083
gemma-3-4b-it,impression_regularized,500,58,Any_Fracture,621,35,6802,45,0.9394856278366112,0.9466463414634146,0.9324324324324325
gemma-3-4b-it,impression_regularized,800,1018,Occ_Condyle_Fracture,111,18,7367,7,0.8987854251012146,0.8604651162790697,0.940677966
gemma-3-4b-it,impression_regularized,800,1018,C1_Fracture,86,5,7403,9,0.9247311827956989,0.945054945,0.9052631578947369
gemma-3-4b-it,impression_regularized,800,1018,C2_Fracture,179,12,7305,7,0.9496021220159151,0.937172775,0.9623655913978495
gemma-3-4b-it,impression_regularized,800,1018,C3_Fracture,65,12,7420,6,0.8783783783783784,0.8441558441558441,0.9154929577464789
gemma-3-4b-it,impression_regularized,800,1018,C4_Fracture,72,11,7408,12,0.8622754491017964,0.8674698795180723,0.8571428571428571
gemma-3-4b-it,impression_regularized,800,1018,C5_Fracture,110,15,7354,24,0.8494208494208494,0.88,0.8208955223880597
gemma-3-4b-it,impression_regularized,800,1018,C6_Fracture,149,10,7331,13,0.9283489096573209,0.9371069182389937,0.9197530864197531
gemma-3-4b-it,impression_regularized,800,1018,C7_Fracture,188,13,7273,29,0.8995215311004785,0.9353233830845771,0.8663594470046083
gemma-3-4b-it,impression_regularized,800,1018,Any_Fracture,638,55,6782,28,0.9389256806475349,0.9206349206349206,0.9579579579579579
gemma-3-4b-it,impression_regularized,800,205,Occ_Condyle_Fracture,109,10,7375,9,0.919831224,0.9159663865546218,0.923728814
gemma-3-4b-it,impression_regularized,800,205,C1_Fracture,84,1,7407,11,0.9333333333333333,0.9882352941176471,0.8842105263157894
gemma-3-4b-it,impression_regularized,800,205,C2_Fracture,171,12,7305,15,0.926829268,0.9344262295081968,0.9193548387096774
gemma-3-4b-it,impression_regularized,800,205,C3_Fracture,64,12,7420,7,0.8707482993197279,0.8421052631578947,0.9014084507042254
gemma-3-4b-it,impression_regularized,800,205,C4_Fracture,75,14,7405,9,0.8670520231213873,0.8426966292134831,0.8928571428571429
gemma-3-4b-it,impression_regularized,800,205,C5_Fracture,111,10,7359,23,0.8705882352941177,0.9173553719008265,0.8283582089552238
gemma-3-4b-it,impression_regularized,800,205,C6_Fracture,150,15,7326,12,0.9174311926605505,0.9090909090909091,0.9259259259259259
gemma-3-4b-it,impression_regularized,800,205,C7_Fracture,185,12,7274,32,0.893719807,0.9390862944162437,0.8525345622119815
gemma-3-4b-it,impression_regularized,800,205,Any_Fracture,622,48,6789,42,0.9311377245508982,0.9283582089552239,0.933933934
gemma-3-4b-it,impression_regularized,800,209,Occ_Condyle_Fracture,109,7,7378,9,0.9316239316239316,0.9396551724137931,0.923728814
gemma-3-4b-it,impression_regularized,800,209,C1_Fracture,87,6,7402,8,0.925531915,0.9354838709677419,0.9157894736842105
gemma-3-4b-it,impression_regularized,800,209,C2_Fracture,178,16,7301,8,0.9368421052631579,0.9175257731958762,0.956989247
gemma-3-4b-it,impression_regularized,800,209,C3_Fracture,65,15,7417,6,0.8609271523178808,0.8125,0.9154929577464789
gemma-3-4b-it,impression_regularized,800,209,C4_Fracture,77,18,7401,7,0.8603351955307262,0.8105263157894737,0.9166666666666666
gemma-3-4b-it,impression_regularized,800,209,C5_Fracture,117,23,7346,17,0.8540145985401459,0.8357142857142857,0.8731343283582089
gemma-3-4b-it,impression_regularized,800,209,C6_Fracture,156,28,7313,6,0.9017341040462428,0.8478260869565217,0.9629629629629629
gemma-3-4b-it,impression_regularized,800,209,C7_Fracture,197,21,7265,20,0.9057471264367816,0.9036697247706422,0.9078341013824884
gemma-3-4b-it,impression_regularized,800,209,Any_Fracture,640,62,6775,26,0.935672515,0.9116809116809117,0.960960961
gemma-3-4b-it,impression_regularized,800,42,Occ_Condyle_Fracture,110,8,7377,8,0.9322033898305084,0.9322033898305084,0.9322033898305084
gemma-3-4b-it,impression_regularized,800,42,C1_Fracture,88,12,7396,7,0.9025641025641026,0.88,0.9263157894736842
gemma-3-4b-it,impression_regularized,800,42,C2_Fracture,179,17,7300,7,0.937172775,0.9132653061224489,0.9623655913978495
gemma-3-4b-it,impression_regularized,800,42,C3_Fracture,63,12,7420,8,0.863013699,0.84,0.8873239436619719
gemma-3-4b-it,impression_regularized,800,42,C4_Fracture,77,11,7408,7,0.8953488372093024,0.875,0.9166666666666666
gemma-3-4b-it,impression_regularized,800,42,C5_Fracture,112,23,7346,22,0.8327137546468402,0.8296296296296296,0.835820896
gemma-3-4b-it,impression_regularized,800,42,C6_Fracture,152,14,7327,10,0.926829268,0.9156626506024096,0.9382716049382716
gemma-3-4b-it,impression_regularized,800,42,C7_Fracture,193,16,7270,24,0.9061032863849765,0.9234449760765551,0.8894009216589862
gemma-3-4b-it,impression_regularized,800,42,Any_Fracture,639,62,6775,27,0.9348939283101683,0.9115549215406562,0.9594594594594594
gemma-3-4b-it,impression_regularized,800,58,Occ_Condyle_Fracture,110,13,7372,8,0.9128630705394191,0.8943089430894309,0.9322033898305084
gemma-3-4b-it,impression_regularized,800,58,C1_Fracture,83,7,7401,12,0.8972972972972973,0.9222222222222223,0.8736842105263158
gemma-3-4b-it,impression_regularized,800,58,C2_Fracture,178,14,7303,8,0.9417989417989417,0.9270833333333334,0.956989247
gemma-3-4b-it,impression_regularized,800,58,C3_Fracture,64,10,7422,7,0.8827586206896552,0.8648648648648649,0.9014084507042254
gemma-3-4b-it,impression_regularized,800,58,C4_Fracture,73,8,7411,11,0.8848484848484849,0.9012345679012346,0.8690476190476191
gemma-3-4b-it,impression_regularized,800,58,C5_Fracture,114,16,7353,20,0.8636363636363636,0.8769230769230769,0.8507462686567164
gemma-3-4b-it,impression_regularized,800,58,C6_Fracture,153,24,7317,9,0.9026548672566371,0.86440678,0.9444444444444444
gemma-3-4b-it,impression_regularized,800,58,C7_Fracture,193,13,7273,24,0.9125295508274232,0.9368932038834952,0.8894009216589862
gemma-3-4b-it,impression_regularized,800,58,Any_Fracture,633,58,6781,33,0.9343173431734317,0.918722787,0.9504504504504504
phi-3_5-mini-instruct,impression_regularized,100,1018,Occ_Condyle_Fracture,108,31,7354,10,0.8404669260700389,0.7769784172661871,0.9152542372881356
phi-3_5-mini-instruct,impression_regularized,100,1018,C1_Fracture,88,19,7389,7,0.8712871287128713,0.822429907,0.9263157894736842
phi-3_5-mini-instruct,impression_regularized,100,1018,C2_Fracture,150,15,7302,36,0.8547008547008547,0.9090909090909091,0.8064516129032258
phi-3_5-mini-instruct,impression_regularized,100,1018,C3_Fracture,55,6,7426,16,0.8333333333333334,0.9016393442622951,0.7746478873239436
phi-3_5-mini-instruct,impression_regularized,100,1018,C4_Fracture,63,4,7415,21,0.8344370860927153,0.9402985074626866,0.75
phi-3_5-mini-instruct,impression_regularized,100,1018,C5_Fracture,104,7,7362,30,0.8489795918367347,0.9369369369369369,0.7761194029850746
phi-3_5-mini-instruct,impression_regularized,100,1018,C6_Fracture,146,6,7335,16,0.9299363057324841,0.9605263157894737,0.9012345679012346
phi-3_5-mini-instruct,impression_regularized,100,1018,C7_Fracture,189,9,7277,28,0.9108433734939759,0.9545454545454546,0.8709677419354839
phi-3_5-mini-instruct,impression_regularized,100,1018,Any_Fracture,596,45,6792,70,0.9120122417750574,0.9297971918876755,0.8948948948948949
phi-3_5-mini-instruct,impression_regularized,100,205,Occ_Condyle_Fracture,107,31,7354,11,0.8359375,0.7753623188405797,0.9067796610169492
phi-3_5-mini-instruct,impression_regularized,100,205,C1_Fracture,87,18,7390,8,0.87,0.8285714285714286,0.9157894736842105
phi-3_5-mini-instruct,impression_regularized,100,205,C2_Fracture,151,14,7303,35,0.8603988603988604,0.9151515151515152,0.8118279569892473
phi-3_5-mini-instruct,impression_regularized,100,205,C3_Fracture,54,4,7428,17,0.8372093023255814,0.9310344827586207,0.7605633802816901
phi-3_5-mini-instruct,impression_regularized,100,205,C4_Fracture,63,3,7416,21,0.84,0.9545454545454546,0.75
phi-3_5-mini-instruct,impression_regularized,100,205,C5_Fracture,101,5,7364,33,0.8416666666666667,0.9528301886792453,0.753731343
phi-3_5-mini-instruct,impression_regularized,100,205,C6_Fracture,142,5,7336,20,0.919093851,0.9659863945578231,0.8765432098765432
phi-3_5-mini-instruct,impression_regularized,100,205,C7_Fracture,185,10,7276,32,0.8980582524271845,0.9487179487179487,0.8525345622119815
phi-3_5-mini-instruct,impression_regularized,100,205,Any_Fracture,586,38,6799,80,0.9085271317829458,0.9391025641025641,0.8798798798798799
phi-3_5-mini-instruct,impression_regularized,100,209,Occ_Condyle_Fracture,106,17,7368,12,0.8796680497925311,0.8617886178861789,0.8983050847457628
phi-3_5-mini-instruct,impression_regularized,100,209,C1_Fracture,87,17,7391,8,0.8743718592964824,0.8365384615384616,0.9157894736842105
phi-3_5-mini-instruct,impression_regularized,100,209,C2_Fracture,152,15,7302,34,0.8611898016997167,0.9101796407185628,0.8172043010752689
phi-3_5-mini-instruct,impression_regularized,100,209,C3_Fracture,55,7,7425,16,0.8270676691729323,0.8870967741935484,0.7746478873239436
phi-3_5-mini-instruct,impression_regularized,100,209,C4_Fracture,63,3,7416,21,0.84,0.9545454545454546,0.75
phi-3_5-mini-instruct,impression_regularized,100,209,C5_Fracture,106,8,7361,28,0.8548387096774194,0.9298245614035088,0.7910447761194029
phi-3_5-mini-instruct,impression_regularized,100,209,C6_Fracture,146,5,7336,16,0.9329073482428115,0.9668874172185431,0.9012345679012346
phi-3_5-mini-instruct,impression_regularized,100,209,C7_Fracture,192,9,7277,25,0.9186602870813397,0.9552238805970149,0.8847926267281107
phi-3_5-mini-instruct,impression_regularized,100,209,Any_Fracture,594,39,6798,72,0.9145496535796767,0.9383886255924171,0.8918918918918919
phi-3_5-mini-instruct,impression_regularized,100,42,Occ_Condyle_Fracture,106,25,7360,12,0.8514056224899599,0.8091603053435115,0.8983050847457628
phi-3_5-mini-instruct,impression_regularized,100,42,C1_Fracture,87,19,7389,8,0.8656716417910447,0.8207547169811321,0.9157894736842105
phi-3_5-mini-instruct,impression_regularized,100,42,C2_Fracture,153,15,7302,33,0.86440678,0.9107142857142857,0.8225806451612904
phi-3_5-mini-instruct,impression_regularized,100,42,C3_Fracture,54,7,7425,17,0.8181818181818182,0.8852459016393442,0.7605633802816901
phi-3_5-mini-instruct,impression_regularized,100,42,C4_Fracture,64,4,7415,20,0.8421052631578947,0.9411764705882353,0.7619047619047619
phi-3_5-mini-instruct,impression_regularized,100,42,C5_Fracture,103,8,7361,31,0.8408163265306122,0.9279279279279279,0.7686567164179104
phi-3_5-mini-instruct,impression_regularized,100,42,C6_Fracture,144,5,7336,18,0.9260450160771704,0.9664429530201343,0.8888888888888888
phi-3_5-mini-instruct,impression_regularized,100,42,C7_Fracture,190,10,7276,27,0.9112709832134293,0.95,0.8755760368663594
phi-3_5-mini-instruct,impression_regularized,100,42,Any_Fracture,589,41,6796,77,0.9089506172839507,0.9349206349206349,0.8843843843843844
phi-3_5-mini-instruct,impression_regularized,100,58,Occ_Condyle_Fracture,107,24,7361,11,0.8594377510040161,0.816793893,0.9067796610169492
phi-3_5-mini-instruct,impression_regularized,100,58,C1_Fracture,88,18,7390,7,0.8756218905472637,0.8301886792452831,0.9263157894736842
phi-3_5-mini-instruct,impression_regularized,100,58,C2_Fracture,154,16,7301,32,0.8651685393258427,0.9058823529411765,0.8279569892473119
phi-3_5-mini-instruct,impression_regularized,100,58,C3_Fracture,54,6,7426,17,0.8244274809160306,0.9,0.7605633802816901
phi-3_5-mini-instruct,impression_regularized,100,58,C4_Fracture,64,3,7416,20,0.847682119,0.9552238805970149,0.7619047619047619
phi-3_5-mini-instruct,impression_regularized,100,58,C5_Fracture,103,7,7362,31,0.8442622950819673,0.9363636363636364,0.7686567164179104
phi-3_5-mini-instruct,impression_regularized,100,58,C6_Fracture,146,6,7335,16,0.9299363057324841,0.9605263157894737,0.9012345679012346
phi-3_5-mini-instruct,impression_regularized,100,58,C7_Fracture,188,9,7277,29,0.9082125603864735,0.9543147208121827,0.8663594470046083
phi-3_5-mini-instruct,impression_regularized,100,58,Any_Fracture,594,43,6794,72,0.9117421335379893,0.9324960753532182,0.8918918918918919
phi-3_5-mini-instruct,impression_regularized,1064,1018,Occ_Condyle_Fracture,104,9,7376,14,0.9004329004329005,0.9203539823008849,0.8813559322033898
phi-3_5-mini-instruct,impression_regularized,1064,1018,C1_Fracture,88,19,7389,7,0.8712871287128713,0.822429907,0.9263157894736842
phi-3_5-mini-instruct,impression_regularized,1064,1018,C2_Fracture,158,15,7302,28,0.8802228412256268,0.9132947976878613,0.8494623655913979
phi-3_5-mini-instruct,impression_regularized,1064,1018,C3_Fracture,55,7,7425,16,0.8270676691729323,0.8870967741935484,0.7746478873239436
phi-3_5-mini-instruct,impression_regularized,1064,1018,C4_Fracture,65,3,7416,19,0.8552631578947368,0.9558823529411765,0.7738095238095238
phi-3_5-mini-instruct,impression_regularized,1064,1018,C5_Fracture,106,7,7362,28,0.8582995951417004,0.9380530973451328,0.7910447761194029
phi-3_5-mini-instruct,impression_regularized,1064,1018,C6_Fracture,144,5,7336,18,0.9260450160771704,0.9664429530201343,0.8888888888888888
phi-3_5-mini-instruct,impression_regularized,1064,1018,C7_Fracture,194,9,7277,23,0.9238095238095239,0.9556650246305419,0.8940092165898618
phi-3_5-mini-instruct,impression_regularized,1064,1018,Any_Fracture,598,35,6802,68,0.9207082371054658,0.9447077409162717,0.8978978978978979
phi-3_5-mini-instruct,impression_regularized,1064,205,Occ_Condyle_Fracture,106,9,7376,12,0.9098712446351931,0.9217391304347826,0.8983050847457628
phi-3_5-mini-instruct,impression_regularized,1064,205,C1_Fracture,88,20,7388,7,0.8669950738916257,0.8148148148148148,0.9263157894736842
phi-3_5-mini-instruct,impression_regularized,1064,205,C2_Fracture,160,16,7301,26,0.8839779005524862,0.9090909090909091,0.8602150537634409
phi-3_5-mini-instruct,impression_regularized,1064,205,C3_Fracture,57,8,7424,14,0.8382352941176471,0.8769230769230769,0.8028169014084507
phi-3_5-mini-instruct,impression_regularized,1064,205,C4_Fracture,66,4,7415,18,0.8571428571428571,0.9428571428571428,0.7857142857142857
phi-3_5-mini-instruct,impression_regularized,1064,205,C5_Fracture,107,8,7361,27,0.8594377510040161,0.9304347826086956,0.7985074626865671
phi-3_5-mini-instruct,impression_regularized,1064,205,C6_Fracture,146,7,7334,16,0.926984127,0.954248366,0.9012345679012346
phi-3_5-mini-instruct,impression_regularized,1064,205,C7_Fracture,194,9,7277,23,0.9238095238095239,0.9556650246305419,0.8940092165898618
phi-3_5-mini-instruct,impression_regularized,1064,205,Any_Fracture,601,37,6800,65,0.9217791411042945,0.9420062695924765,0.9024024024024024
phi-3_5-mini-instruct,impression_regularized,1064,209,Occ_Condyle_Fracture,105,9,7376,13,0.9051724137931034,0.9210526315789473,0.8898305084745762
phi-3_5-mini-instruct,impression_regularized,1064,209,C1_Fracture,87,18,7390,8,0.87,0.8285714285714286,0.9157894736842105
phi-3_5-mini-instruct,impression_regularized,1064,209,C2_Fracture,157,15,7302,29,0.8770949720670391,0.9127906976744186,0.8440860215053764
phi-3_5-mini-instruct,impression_regularized,1064,209,C3_Fracture,54,7,7425,17,0.8181818181818182,0.8852459016393442,0.7605633802816901
phi-3_5-mini-instruct,impression_regularized,1064,209,C4_Fracture,64,3,7416,20,0.847682119,0.9552238805970149,0.7619047619047619
phi-3_5-mini-instruct,impression_regularized,1064,209,C5_Fracture,106,8,7361,28,0.8548387096774194,0.9298245614035088,0.7910447761194029
phi-3_5-mini-instruct,impression_regularized,1064,209,C6_Fracture,143,7,7334,19,0.9166666666666666,0.9533333333333334,0.8827160493827161
phi-3_5-mini-instruct,impression_regularized,1064,209,C7_Fracture,193,9,7277,24,0.9212410501193318,0.9554455445544554,0.8894009216589862
phi-3_5-mini-instruct,impression_regularized,1064,209,Any_Fracture,594,36,6801,72,0.9166666666666666,0.9428571428571428,0.8918918918918919
phi-3_5-mini-instruct,impression_regularized,1064,42,Occ_Condyle_Fracture,106,9,7376,12,0.9098712446351931,0.9217391304347826,0.8983050847457628
phi-3_5-mini-instruct,impression_regularized,1064,42,C1_Fracture,87,18,7390,8,0.87,0.8285714285714286,0.9157894736842105
phi-3_5-mini-instruct,impression_regularized,1064,42,C2_Fracture,160,15,7302,26,0.8864265927977839,0.9142857142857143,0.8602150537634409
phi-3_5-mini-instruct,impression_regularized,1064,42,C3_Fracture,54,7,7425,17,0.8181818181818182,0.8852459016393442,0.7605633802816901
phi-3_5-mini-instruct,impression_regularized,1064,42,C4_Fracture,64,3,7416,20,0.847682119,0.9552238805970149,0.7619047619047619
phi-3_5-mini-instruct,impression_regularized,1064,42,C5_Fracture,106,8,7361,28,0.8548387096774194,0.9298245614035088,0.7910447761194029
phi-3_5-mini-instruct,impression_regularized,1064,42,C6_Fracture,144,7,7334,18,0.9201277955271565,0.9536423841059603,0.8888888888888888
phi-3_5-mini-instruct,impression_regularized,1064,42,C7_Fracture,193,8,7278,24,0.9234449760765551,0.9601990049751243,0.8894009216589862
phi-3_5-mini-instruct,impression_regularized,1064,42,Any_Fracture,598,35,6802,68,0.9207082371054658,0.9447077409162717,0.8978978978978979
phi-3_5-mini-instruct,impression_regularized,1064,58,Occ_Condyle_Fracture,105,9,7376,13,0.9051724137931034,0.9210526315789473,0.8898305084745762
phi-3_5-mini-instruct,impression_regularized,1064,58,C1_Fracture,87,17,7391,8,0.8743718592964824,0.8365384615384616,0.9157894736842105
phi-3_5-mini-instruct,impression_regularized,1064,58,C2_Fracture,159,15,7302,27,0.8833333333333333,0.9137931034482759,0.8548387096774194
phi-3_5-mini-instruct,impression_regularized,1064,58,C3_Fracture,55,7,7425,16,0.8270676691729323,0.8870967741935484,0.7746478873239436
phi-3_5-mini-instruct,impression_regularized,1064,58,C4_Fracture,64,2,7417,20,0.8533333333333334,0.9696969696969697,0.7619047619047619
phi-3_5-mini-instruct,impression_regularized,1064,58,C5_Fracture,106,7,7362,28,0.8582995951417004,0.9380530973451328,0.7910447761194029
phi-3_5-mini-instruct,impression_regularized,1064,58,C6_Fracture,145,4,7337,17,0.932475884,0.9731543624161074,0.8950617283950617
phi-3_5-mini-instruct,impression_regularized,1064,58,C7_Fracture,193,8,7278,24,0.9234449760765551,0.9601990049751243,0.8894009216589862
phi-3_5-mini-instruct,impression_regularized,1064,58,Any_Fracture,597,34,6803,69,0.920585968,0.9461172741679873,0.8963963963963963
phi-3_5-mini-instruct,impression_regularized,20,1018,Occ_Condyle_Fracture,110,55,7330,8,0.7773851590106007,0.6666666666666666,0.9322033898305084
phi-3_5-mini-instruct,impression_regularized,20,1018,C1_Fracture,88,19,7389,7,0.8712871287128713,0.822429907,0.9263157894736842
phi-3_5-mini-instruct,impression_regularized,20,1018,C2_Fracture,150,19,7298,36,0.8450704225352113,0.8875739644970414,0.8064516129032258
phi-3_5-mini-instruct,impression_regularized,20,1018,C3_Fracture,55,6,7426,16,0.8333333333333334,0.9016393442622951,0.7746478873239436
phi-3_5-mini-instruct,impression_regularized,20,1018,C4_Fracture,68,3,7416,16,0.8774193548387097,0.9577464788732394,0.8095238095238095
phi-3_5-mini-instruct,impression_regularized,20,1018,C5_Fracture,104,8,7361,30,0.8455284552845529,0.9285714285714286,0.7761194029850746
phi-3_5-mini-instruct,impression_regularized,20,1018,C6_Fracture,148,7,7334,14,0.9337539432176656,0.9548387096774194,0.9135802469135802
phi-3_5-mini-instruct,impression_regularized,20,1018,C7_Fracture,190,13,7273,27,0.9047619047619048,0.9359605911330049,0.8755760368663594
phi-3_5-mini-instruct,impression_regularized,20,1018,Any_Fracture,601,58,6781,65,0.908541194,0.9147640791476408,0.9024024024024024
phi-3_5-mini-instruct,impression_regularized,20,205,Occ_Condyle_Fracture,108,42,7343,10,0.8059701492537313,0.72,0.9152542372881356
phi-3_5-mini-instruct,impression_regularized,20,205,C1_Fracture,86,16,7392,9,0.8730964467005076,0.8431372549019608,0.9052631578947369
phi-3_5-mini-instruct,impression_regularized,20,205,C2_Fracture,148,14,7303,38,0.8505747126436781,0.9135802469135802,0.7956989247311828
phi-3_5-mini-instruct,impression_regularized,20,205,C3_Fracture,54,6,7426,17,0.8244274809160306,0.9,0.7605633802816901
phi-3_5-mini-instruct,impression_regularized,20,205,C4_Fracture,64,3,7416,20,0.847682119,0.9552238805970149,0.7619047619047619
phi-3_5-mini-instruct,impression_regularized,20,205,C5_Fracture,98,6,7363,36,0.8235294117647058,0.9423076923076923,0.7313432835820896
phi-3_5-mini-instruct,impression_regularized,20,205,C6_Fracture,142,4,7337,20,0.922077922,0.9726027397260274,0.8765432098765432
phi-3_5-mini-instruct,impression_regularized,20,205,C7_Fracture,182,6,7280,35,0.8987654320987655,0.9680851063829787,0.8387096774193549
phi-3_5-mini-instruct,impression_regularized,20,205,Any_Fracture,583,38,6799,83,0.905982906,0.9388083735909822,0.8753753753753754
phi-3_5-mini-instruct,impression_regularized,20,209,Occ_Condyle_Fracture,110,55,7330,8,0.7773851590106007,0.6666666666666666,0.9322033898305084
phi-3_5-mini-instruct,impression_regularized,20,209,C1_Fracture,88,21,7387,7,0.8627450980392157,0.8073394495412844,0.9263157894736842
phi-3_5-mini-instruct,impression_regularized,20,209,C2_Fracture,151,21,7296,35,0.8435754189944135,0.877906977,0.8118279569892473
phi-3_5-mini-instruct,impression_regularized,20,209,C3_Fracture,54,6,7426,17,0.8244274809160306,0.9,0.7605633802816901
phi-3_5-mini-instruct,impression_regularized,20,209,C4_Fracture,69,3,7416,15,0.8846153846153846,0.9583333333333334,0.8214285714285714
phi-3_5-mini-instruct,impression_regularized,20,209,C5_Fracture,107,11,7358,27,0.8492063492063492,0.9067796610169492,0.7985074626865671
phi-3_5-mini-instruct,impression_regularized,20,209,C6_Fracture,147,8,7333,15,0.9274447949526814,0.9483870967741935,0.9074074074074074
phi-3_5-mini-instruct,impression_regularized,20,209,C7_Fracture,192,12,7274,25,0.9121140142517815,0.9411764705882353,0.8847926267281107
phi-3_5-mini-instruct,impression_regularized,20,209,Any_Fracture,601,59,6778,65,0.9064856711915535,0.9106060606060606,0.9024024024024024
phi-3_5-mini-instruct,impression_regularized,20,42,Occ_Condyle_Fracture,110,58,7329,8,0.7746478873239436,0.6626506024096386,0.9322033898305084
phi-3_5-mini-instruct,impression_regularized,20,42,C1_Fracture,88,18,7390,7,0.8756218905472637,0.8301886792452831,0.9263157894736842
phi-3_5-mini-instruct,impression_regularized,20,42,C2_Fracture,151,19,7298,35,0.848314607,0.888235294,0.8118279569892473
phi-3_5-mini-instruct,impression_regularized,20,42,C3_Fracture,55,6,7426,16,0.8333333333333334,0.9016393442622951,0.7746478873239436
phi-3_5-mini-instruct,impression_regularized,20,42,C4_Fracture,69,3,7416,15,0.8846153846153846,0.9583333333333334,0.8214285714285714
phi-3_5-mini-instruct,impression_regularized,20,42,C5_Fracture,105,8,7361,29,0.8502024291497976,0.9292035398230089,0.7835820895522388
phi-3_5-mini-instruct,impression_regularized,20,42,C6_Fracture,147,7,7334,15,0.930379747,0.9545454545454546,0.9074074074074074
phi-3_5-mini-instruct,impression_regularized,20,42,C7_Fracture,190,11,7275,27,0.9090909090909091,0.945273632,0.8755760368663594
phi-3_5-mini-instruct,impression_regularized,20,42,Any_Fracture,599,53,6784,67,0.9089529590288316,0.9187116564417178,0.8993993993993994
phi-3_5-mini-instruct,impression_regularized,20,58,Occ_Condyle_Fracture,109,38,7347,9,0.8226415094339623,0.7414965986394558,0.923728814
phi-3_5-mini-instruct,impression_regularized,20,58,C1_Fracture,88,20,7388,7,0.8669950738916257,0.8148148148148148,0.9263157894736842
phi-3_5-mini-instruct,impression_regularized,20,58,C2_Fracture,151,19,7298,35,0.848314607,0.888235294,0.8118279569892473
phi-3_5-mini-instruct,impression_regularized,20,58,C3_Fracture,54,6,7426,17,0.8244274809160306,0.9,0.7605633802816901
phi-3_5-mini-instruct,impression_regularized,20,58,C4_Fracture,66,4,7415,18,0.8571428571428571,0.9428571428571428,0.7857142857142857
phi-3_5-mini-instruct,impression_regularized,20,58,C5_Fracture,104,8,7361,30,0.8455284552845529,0.9285714285714286,0.7761194029850746
phi-3_5-mini-instruct,impression_regularized,20,58,C6_Fracture,147,5,7336,15,0.9363057324840764,0.9671052631578947,0.9074074074074074
phi-3_5-mini-instruct,impression_regularized,20,58,C7_Fracture,189,9,7277,28,0.9108433734939759,0.9545454545454546,0.8709677419354839
phi-3_5-mini-instruct,impression_regularized,20,58,Any_Fracture,600,51,6786,66,0.9111617312072893,0.9216589861751152,0.9009009009009009
phi-3_5-mini-instruct,impression_regularized,500,1018,Occ_Condyle_Fracture,106,38,7347,12,0.8091603053435115,0.7361111111111112,0.8983050847457628
phi-3_5-mini-instruct,impression_regularized,500,1018,C1_Fracture,88,20,7388,7,0.8669950738916257,0.8148148148148148,0.9263157894736842
phi-3_5-mini-instruct,impression_regularized,500,1018,C2_Fracture,154,16,7301,32,0.8651685393258427,0.9058823529411765,0.8279569892473119
phi-3_5-mini-instruct,impression_regularized,500,1018,C3_Fracture,55,4,7428,16,0.8461538461538461,0.9322033898305084,0.7746478873239436
phi-3_5-mini-instruct,impression_regularized,500,1018,C4_Fracture,68,2,7417,16,0.8831168831168831,0.9714285714285714,0.8095238095238095
phi-3_5-mini-instruct,impression_regularized,500,1018,C5_Fracture,107,11,7358,27,0.8492063492063492,0.9067796610169492,0.7985074626865671
phi-3_5-mini-instruct,impression_regularized,500,1018,C6_Fracture,152,8,7333,10,0.9440993788819876,0.95,0.9382716049382716
phi-3_5-mini-instruct,impression_regularized,500,1018,C7_Fracture,194,12,7274,23,0.917257683,0.941747573,0.8940092165898618
phi-3_5-mini-instruct,impression_regularized,500,1018,Any_Fracture,607,48,6789,59,0.919000757,0.9267175572519084,0.9114114114114115
phi-3_5-mini-instruct,impression_regularized,500,205,Occ_Condyle_Fracture,106,37,7348,12,0.8122605363984674,0.7412587412587412,0.8983050847457628
phi-3_5-mini-instruct,impression_regularized,500,205,C1_Fracture,88,18,7390,7,0.8756218905472637,0.8301886792452831,0.9263157894736842
phi-3_5-mini-instruct,impression_regularized,500,205,C2_Fracture,153,15,7302,33,0.86440678,0.9107142857142857,0.8225806451612904
phi-3_5-mini-instruct,impression_regularized,500,205,C3_Fracture,55,4,7428,16,0.8461538461538461,0.9322033898305084,0.7746478873239436
phi-3_5-mini-instruct,impression_regularized,500,205,C4_Fracture,66,2,7417,18,0.868421053,0.9705882352941176,0.7857142857142857
phi-3_5-mini-instruct,impression_regularized,500,205,C5_Fracture,105,11,7358,29,0.84,0.9051724137931034,0.7835820895522388
phi-3_5-mini-instruct,impression_regularized,500,205,C6_Fracture,151,7,7334,11,0.94375,0.9556962025316456,0.9320987654320988
phi-3_5-mini-instruct,impression_regularized,500,205,C7_Fracture,194,12,7274,23,0.917257683,0.941747573,0.8940092165898618
phi-3_5-mini-instruct,impression_regularized,500,205,Any_Fracture,604,49,6788,62,0.9158453373768006,0.9249617151607963,0.9069069069069069
phi-3_5-mini-instruct,impression_regularized,500,209,Occ_Condyle_Fracture,106,39,7346,12,0.8060836501901141,0.7310344827586207,0.8983050847457628
phi-3_5-mini-instruct,impression_regularized,500,209,C1_Fracture,88,19,7389,7,0.8712871287128713,0.822429907,0.9263157894736842
phi-3_5-mini-instruct,impression_regularized,500,209,C2_Fracture,153,17,7300,33,0.8595505617977528,0.9,0.8225806451612904
phi-3_5-mini-instruct,impression_regularized,500,209,C3_Fracture,55,3,7429,16,0.8527131782945736,0.9482758620689655,0.7746478873239436
phi-3_5-mini-instruct,impression_regularized,500,209,C4_Fracture,68,2,7417,16,0.8831168831168831,0.9714285714285714,0.8095238095238095
phi-3_5-mini-instruct,impression_regularized,500,209,C5_Fracture,105,10,7359,29,0.8433734939759037,0.9130434782608695,0.7835820895522388
phi-3_5-mini-instruct,impression_regularized,500,209,C6_Fracture,151,6,7335,11,0.9467084639498433,0.9617834394904459,0.9320987654320988
phi-3_5-mini-instruct,impression_regularized,500,209,C7_Fracture,195,11,7275,22,0.9219858156028369,0.9466019417475728,0.8986175115207373
phi-3_5-mini-instruct,impression_regularized,500,209,Any_Fracture,606,46,6791,60,0.9195751138088012,0.9294478527607362,0.9099099099099099
phi-3_5-mini-instruct,impression_regularized,500,42,Occ_Condyle_Fracture,106,37,7348,12,0.8122605363984674,0.7412587412587412,0.8983050847457628
phi-3_5-mini-instruct,impression_regularized,500,42,C1_Fracture,88,19,7389,7,0.8712871287128713,0.822429907,0.9263157894736842
phi-3_5-mini-instruct,impression_regularized,500,42,C2_Fracture,153,16,7301,33,0.8619718309859155,0.9053254437869822,0.8225806451612904
phi-3_5-mini-instruct,impression_regularized,500,42,C3_Fracture,55,5,7427,16,0.8396946564885496,0.9166666666666666,0.7746478873239436
phi-3_5-mini-instruct,impression_regularized,500,42,C4_Fracture,69,2,7417,15,0.8903225806451613,0.971830986,0.8214285714285714
phi-3_5-mini-instruct,impression_regularized,500,42,C5_Fracture,106,10,7359,28,0.848,0.9137931034482759,0.7910447761194029
phi-3_5-mini-instruct,impression_regularized,500,42,C6_Fracture,152,7,7334,10,0.9470404984423676,0.9559748427672956,0.9382716049382716
phi-3_5-mini-instruct,impression_regularized,500,42,C7_Fracture,194,11,7275,23,0.91943128,0.9463414634146341,0.8940092165898618
phi-3_5-mini-instruct,impression_regularized,500,42,Any_Fracture,607,49,6788,59,0.9183055975794251,0.9253048780487805,0.9114114114114115
phi-3_5-mini-instruct,impression_regularized,500,58,Occ_Condyle_Fracture,106,38,7347,12,0.8091603053435115,0.7361111111111112,0.8983050847457628
phi-3_5-mini-instruct,impression_regularized,500,58,C1_Fracture,87,20,7388,8,0.8613861386138614,0.8130841121495327,0.9157894736842105
phi-3_5-mini-instruct,impression_regularized,500,58,C2_Fracture,153,16,7301,33,0.8619718309859155,0.9053254437869822,0.8225806451612904
phi-3_5-mini-instruct,impression_regularized,500,58,C3_Fracture,55,4,7428,16,0.8461538461538461,0.9322033898305084,0.7746478873239436
phi-3_5-mini-instruct,impression_regularized,500,58,C4_Fracture,68,3,7416,16,0.8774193548387097,0.9577464788732394,0.8095238095238095
phi-3_5-mini-instruct,impression_regularized,500,58,C5_Fracture,106,11,7358,28,0.8446215139442231,0.905982906,0.7910447761194029
phi-3_5-mini-instruct,impression_regularized,500,58,C6_Fracture,151,7,7334,11,0.94375,0.9556962025316456,0.9320987654320988
phi-3_5-mini-instruct,impression_regularized,500,58,C7_Fracture,194,12,7274,23,0.917257683,0.941747573,0.8940092165898618
phi-3_5-mini-instruct,impression_regularized,500,58,Any_Fracture,605,50,6787,61,0.9159727479182438,0.9236641221374046,0.9084084084084084
phi-3_5-mini-instruct,impression_regularized,800,1018,Occ_Condyle_Fracture,106,14,7371,12,0.8907563025210085,0.8833333333333333,0.8983050847457628
phi-3_5-mini-instruct,impression_regularized,800,1018,C1_Fracture,88,21,7387,7,0.8627450980392157,0.8073394495412844,0.9263157894736842
phi-3_5-mini-instruct,impression_regularized,800,1018,C2_Fracture,153,17,7300,33,0.8595505617977528,0.9,0.8225806451612904
phi-3_5-mini-instruct,impression_regularized,800,1018,C3_Fracture,55,6,7426,16,0.8333333333333334,0.9016393442622951,0.7746478873239436
phi-3_5-mini-instruct,impression_regularized,800,1018,C4_Fracture,64,3,7416,20,0.847682119,0.9552238805970149,0.7619047619047619
phi-3_5-mini-instruct,impression_regularized,800,1018,C5_Fracture,105,8,7361,29,0.8502024291497976,0.9292035398230089,0.7835820895522388
phi-3_5-mini-instruct,impression_regularized,800,1018,C6_Fracture,145,7,7334,17,0.9235668789808917,0.9539473684210527,0.8950617283950617
phi-3_5-mini-instruct,impression_regularized,800,1018,C7_Fracture,192,9,7277,25,0.9186602870813397,0.9552238805970149,0.8847926267281107
phi-3_5-mini-instruct,impression_regularized,800,1018,Any_Fracture,594,40,6797,72,0.9138461538461539,0.9369085173501577,0.8918918918918919
phi-3_5-mini-instruct,impression_regularized,800,205,Occ_Condyle_Fracture,106,10,7375,12,0.905982906,0.9137931034482759,0.8983050847457628
phi-3_5-mini-instruct,impression_regularized,800,205,C1_Fracture,88,18,7390,7,0.8756218905472637,0.8301886792452831,0.9263157894736842
phi-3_5-mini-instruct,impression_regularized,800,205,C2_Fracture,157,15,7302,29,0.8770949720670391,0.9127906976744186,0.8440860215053764
phi-3_5-mini-instruct,impression_regularized,800,205,C3_Fracture,57,7,7425,14,0.8444444444444444,0.890625,0.8028169014084507
phi-3_5-mini-instruct,impression_regularized,800,205,C4_Fracture,64,3,7416,20,0.847682119,0.9552238805970149,0.7619047619047619
phi-3_5-mini-instruct,impression_regularized,800,205,C5_Fracture,107,8,7361,27,0.8594377510040161,0.9304347826086956,0.7985074626865671
phi-3_5-mini-instruct,impression_regularized,800,205,C6_Fracture,144,5,7336,18,0.9260450160771704,0.9664429530201343,0.8888888888888888
phi-3_5-mini-instruct,impression_regularized,800,205,C7_Fracture,191,9,7277,26,0.9160671462829736,0.955,0.880184332
phi-3_5-mini-instruct,impression_regularized,800,205,Any_Fracture,594,35,6802,72,0.9173745173745174,0.9443561208267091,0.8918918918918919
phi-3_5-mini-instruct,impression_regularized,800,209,Occ_Condyle_Fracture,106,10,7375,12,0.905982906,0.9137931034482759,0.8983050847457628
phi-3_5-mini-instruct,impression_regularized,800,209,C1_Fracture,88,19,7389,7,0.8712871287128713,0.822429907,0.9263157894736842
phi-3_5-mini-instruct,impression_regularized,800,209,C2_Fracture,155,15,7302,31,0.8707865168539326,0.9117647058823529,0.8333333333333334
phi-3_5-mini-instruct,impression_regularized,800,209,C3_Fracture,54,6,7426,17,0.8244274809160306,0.9,0.7605633802816901
phi-3_5-mini-instruct,impression_regularized,800,209,C4_Fracture,65,4,7415,19,0.8496732026143791,0.9420289855072463,0.7738095238095238
phi-3_5-mini-instruct,impression_regularized,800,209,C5_Fracture,106,8,7361,28,0.8548387096774194,0.9298245614035088,0.7910447761194029
phi-3_5-mini-instruct,impression_regularized,800,209,C6_Fracture,146,6,7335,16,0.9299363057324841,0.9605263157894737,0.9012345679012346
phi-3_5-mini-instruct,impression_regularized,800,209,C7_Fracture,190,10,7276,27,0.9112709832134293,0.95,0.8755760368663594
phi-3_5-mini-instruct,impression_regularized,800,209,Any_Fracture,596,37,6800,70,0.9176289453425712,0.9415481832543444,0.8948948948948949
phi-3_5-mini-instruct,impression_regularized,800,42,Occ_Condyle_Fracture,107,21,7364,11,0.8699186991869918,0.8359375,0.9067796610169492
phi-3_5-mini-instruct,impression_regularized,800,42,C1_Fracture,88,21,7387,7,0.8627450980392157,0.8073394495412844,0.9263157894736842
phi-3_5-mini-instruct,impression_regularized,800,42,C2_Fracture,160,16,7301,26,0.8839779005524862,0.9090909090909091,0.8602150537634409
phi-3_5-mini-instruct,impression_regularized,800,42,C3_Fracture,58,8,7424,15,0.8296296296296296,0.875,0.7887323943661971
phi-3_5-mini-instruct,impression_regularized,800,42,C4_Fracture,66,4,7415,18,0.8571428571428571,0.9428571428571428,0.7857142857142857
phi-3_5-mini-instruct,impression_regularized,800,42,C5_Fracture,107,9,7360,27,0.856,0.9224137931034483,0.7985074626865671
phi-3_5-mini-instruct,impression_regularized,800,42,C6_Fracture,147,8,7333,15,0.9274447949526814,0.9483870967741935,0.9074074074074074
phi-3_5-mini-instruct,impression_regularized,800,42,C7_Fracture,191,9,7277,26,0.9160671462829736,0.955,0.880184332
phi-3_5-mini-instruct,impression_regularized,800,42,Any_Fracture,599,42,6793,67,0.9152024446142093,0.9315707620528771,0.8993993993993994
phi-3_5-mini-instruct,impression_regularized,800,58,Occ_Condyle_Fracture,107,13,7372,11,0.8991596638655462,0.8916666666666667,0.9067796610169492
phi-3_5-mini-instruct,impression_regularized,800,58,C1_Fracture,88,18,7390,7,0.8756218905472637,0.8301886792452831,0.9263157894736842
phi-3_5-mini-instruct,impression_regularized,800,58,C2_Fracture,153,15,7302,33,0.86440678,0.9107142857142857,0.8225806451612904
phi-3_5-mini-instruct,impression_regularized,800,58,C3_Fracture,54,6,7426,17,0.8244274809160306,0.9,0.7605633802816901
phi-3_5-mini-instruct,impression_regularized,800,58,C4_Fracture,63,2,7417,21,0.8456375838926175,0.9692307692307692,0.75
phi-3_5-mini-instruct,impression_regularized,800,58,C5_Fracture,106,8,7361,28,0.8548387096774194,0.9298245614035088,0.7910447761194029
phi-3_5-mini-instruct,impression_regularized,800,58,C6_Fracture,143,7,7334,19,0.9166666666666666,0.9533333333333334,0.8827160493827161
phi-3_5-mini-instruct,impression_regularized,800,58,C7_Fracture,191,10,7276,26,0.9138755980861244,0.9502487562189055,0.880184332
phi-3_5-mini-instruct,impression_regularized,800,58,Any_Fracture,592,38,6799,74,0.9135802469135802,0.9396825396825397,0.8888888888888888